product_id,store_id,stock_level,reorder_point
PROD0001,STORE001,209,70
PROD0001,STORE002,247,55
PROD0001,STORE003,108,92
PROD0001,STORE004,258,92
PROD0001,STORE005,492,68
PROD0001,STORE006,113,87
PROD0001,STORE007,456,72
PROD0001,STORE008,484,74
PROD0001,STORE009,448,56
PROD0001,STORE010,417,65
PROD0001,STORE011,420,47
PROD0001,STORE012,414,93
PROD0001,STORE013,34,46
PROD0001,STORE014,89,75
PROD0001,STORE015,144,32
PROD0001,STORE016,460,96
PROD0001,STORE017,399,87
PROD0001,STORE018,50,93
PROD0001,STORE019,436,30
PROD0001,STORE020,238,100
PROD0002,STORE001,219,38
PROD0002,STORE002,451,85
PROD0002,STORE003,326,38
PROD0002,STORE004,243,71
PROD0002,STORE005,171,63
PROD0002,STORE006,306,62
PROD0002,STORE007,425,63
PROD0002,STORE008,232,72
PROD0002,STORE009,155,86
PROD0002,STORE010,1,50
PROD0002,STORE011,73,30
PROD0002,STORE012,320,53
PROD0002,STORE013,236,82
PROD0002,STORE014,93,63
PROD0002,STORE015,76,36
PROD0002,STORE016,35,86
PROD0002,STORE017,298,78
PROD0002,STORE018,364,32
PROD0002,STORE019,105,65
PROD0002,STORE020,144,87
PROD0003,STORE001,17,81
PROD0003,STORE002,353,98
PROD0003,STORE003,178,75
PROD0003,STORE004,69,92
PROD0003,STORE005,60,67
PROD0003,STORE006,132,89
PROD0003,STORE007,142,40
PROD0003,STORE008,206,70
PROD0003,STORE009,475,46
PROD0003,STORE010,249,32
PROD0003,STORE011,445,90
PROD0003,STORE012,315,42
PROD0003,STORE013,283,74
PROD0003,STORE014,244,77
PROD0003,STORE015,465,36
PROD0003,STORE016,80,71
PROD0003,STORE017,212,53
PROD0003,STORE018,138,78
PROD0003,STORE019,411,54
PROD0003,STORE020,464,89
PROD0004,STORE001,413,74
PROD0004,STORE002,455,54
PROD0004,STORE003,417,45
PROD0004,STORE004,6,32
PROD0004,STORE005,449,74
PROD0004,STORE006,45,87
PROD0004,STORE007,14,92
PROD0004,STORE008,390,61
PROD0004,STORE009,85,80
PROD0004,STORE010,285,77
PROD0004,STORE011,456,48
PROD0004,STORE012,485,65
PROD0004,STORE013,249,32
PROD0004,STORE014,279,56
PROD0004,STORE015,58,87
PROD0004,STORE016,348,69
PROD0004,STORE017,359,91
PROD0004,STORE018,202,76
PROD0004,STORE019,268,93
PROD0004,STORE020,31,92
PROD0005,STORE001,68,99
PROD0005,STORE002,241,52
PROD0005,STORE003,298,89
PROD0005,STORE004,30,44
PROD0005,STORE005,248,96
PROD0005,STORE006,52,98
PROD0005,STORE007,179,37
PROD0005,STORE008,88,50
PROD0005,STORE009,325,65
PROD0005,STORE010,303,86
PROD0005,STORE011,383,52
PROD0005,STORE012,107,99
PROD0005,STORE013,306,51
PROD0005,STORE014,298,50
PROD0005,STORE015,114,65
PROD0005,STORE016,249,56
PROD0005,STORE017,89,71
PROD0005,STORE018,183,92
PROD0005,STORE019,395,63
PROD0005,STORE020,231,34
PROD0006,STORE001,387,64
PROD0006,STORE002,82,64
PROD0006,STORE003,485,67
PROD0006,STORE004,107,31
PROD0006,STORE005,313,97
PROD0006,STORE006,244,58
PROD0006,STORE007,319,90
PROD0006,STORE008,342,87
PROD0006,STORE009,285,64
PROD0006,STORE010,177,45
PROD0006,STORE011,259,74
PROD0006,STORE012,415,79
PROD0006,STORE013,71,45
PROD0006,STORE014,337,85
PROD0006,STORE015,199,60
PROD0006,STORE016,6,73
PROD0006,STORE017,442,69
PROD0006,STORE018,340,82
PROD0006,STORE019,359,53
PROD0006,STORE020,104,38
PROD0007,STORE001,182,31
PROD0007,STORE002,93,79
PROD0007,STORE003,472,51
PROD0007,STORE004,155,40
PROD0007,STORE005,49,94
PROD0007,STORE006,302,56
PROD0007,STORE007,185,44
PROD0007,STORE008,394,78
PROD0007,STORE009,387,83
PROD0007,STORE010,499,100
PROD0007,STORE011,21,53
PROD0007,STORE012,81,68
PROD0007,STORE013,199,79
PROD0007,STORE014,336,82
PROD0007,STORE015,350,54
PROD0007,STORE016,46,58
PROD0007,STORE017,331,61
PROD0007,STORE018,420,96
PROD0007,STORE019,425,100
PROD0007,STORE020,411,54
PROD0008,STORE001,491,31
PROD0008,STORE002,236,99
PROD0008,STORE003,65,65
PROD0008,STORE004,281,56
PROD0008,STORE005,446,54
PROD0008,STORE006,130,46
PROD0008,STORE007,225,58
PROD0008,STORE008,285,76
PROD0008,STORE009,307,52
PROD0008,STORE010,195,62
PROD0008,STORE011,319,84
PROD0008,STORE012,275,77
PROD0008,STORE013,366,94
PROD0008,STORE014,325,63
PROD0008,STORE015,372,72
PROD0008,STORE016,481,70
PROD0008,STORE017,234,35
PROD0008,STORE018,315,92
PROD0008,STORE019,487,76
PROD0008,STORE020,495,45
PROD0009,STORE001,251,96
PROD0009,STORE002,85,45
PROD0009,STORE003,189,86
PROD0009,STORE004,348,34
PROD0009,STORE005,281,59
PROD0009,STORE006,4,70
PROD0009,STORE007,171,75
PROD0009,STORE008,323,35
PROD0009,STORE009,53,46
PROD0009,STORE010,209,83
PROD0009,STORE011,311,55
PROD0009,STORE012,137,91
PROD0009,STORE013,55,77
PROD0009,STORE014,461,65
PROD0009,STORE015,299,85
PROD0009,STORE016,255,51
PROD0009,STORE017,375,91
PROD0009,STORE018,480,60
PROD0009,STORE019,49,70
PROD0009,STORE020,123,40
PROD0010,STORE001,223,96
PROD0010,STORE002,181,99
PROD0010,STORE003,253,37
PROD0010,STORE004,240,39
PROD0010,STORE005,70,30
PROD0010,STORE006,365,31
PROD0010,STORE007,458,99
PROD0010,STORE008,266,36
PROD0010,STORE009,121,88
PROD0010,STORE010,335,52
PROD0010,STORE011,134,45
PROD0010,STORE012,435,82
PROD0010,STORE013,86,93
PROD0010,STORE014,330,82
PROD0010,STORE015,492,77
PROD0010,STORE016,321,38
PROD0010,STORE017,140,56
PROD0010,STORE018,491,48
PROD0010,STORE019,116,80
PROD0010,STORE020,365,36
PROD0011,STORE001,271,34
PROD0011,STORE002,171,42
PROD0011,STORE003,356,95
PROD0011,STORE004,485,63
PROD0011,STORE005,278,40
PROD0011,STORE006,55,47
PROD0011,STORE007,309,77
PROD0011,STORE008,410,83
PROD0011,STORE009,94,50
PROD0011,STORE010,495,56
PROD0011,STORE011,277,34
PROD0011,STORE012,240,76
PROD0011,STORE013,484,33
PROD0011,STORE014,340,42
PROD0011,STORE015,158,58
PROD0011,STORE016,227,82
PROD0011,STORE017,378,33
PROD0011,STORE018,477,91
PROD0011,STORE019,58,70
PROD0011,STORE020,84,52
PROD0012,STORE001,227,61
PROD0012,STORE002,94,37
PROD0012,STORE003,61,54
PROD0012,STORE004,427,99
PROD0012,STORE005,156,90
PROD0012,STORE006,243,32
PROD0012,STORE007,371,68
PROD0012,STORE008,484,74
PROD0012,STORE009,348,79
PROD0012,STORE010,381,56
PROD0012,STORE011,25,47
PROD0012,STORE012,255,38
PROD0012,STORE013,130,38
PROD0012,STORE014,89,92
PROD0012,STORE015,6,96
PROD0012,STORE016,448,73
PROD0012,STORE017,482,99
PROD0012,STORE018,79,92
PROD0012,STORE019,418,77
PROD0012,STORE020,180,82
PROD0013,STORE001,157,34
PROD0013,STORE002,290,74
PROD0013,STORE003,301,97
PROD0013,STORE004,6,84
PROD0013,STORE005,371,34
PROD0013,STORE006,493,38
PROD0013,STORE007,277,76
PROD0013,STORE008,60,39
PROD0013,STORE009,412,50
PROD0013,STORE010,26,98
PROD0013,STORE011,292,54
PROD0013,STORE012,487,33
PROD0013,STORE013,389,33
PROD0013,STORE014,11,51
PROD0013,STORE015,243,59
PROD0013,STORE016,341,59
PROD0013,STORE017,370,67
PROD0013,STORE018,371,37
PROD0013,STORE019,42,93
PROD0013,STORE020,83,61
PROD0014,STORE001,114,78
PROD0014,STORE002,222,36
PROD0014,STORE003,75,83
PROD0014,STORE004,500,32
PROD0014,STORE005,53,84
PROD0014,STORE006,265,74
PROD0014,STORE007,30,60
PROD0014,STORE008,21,32
PROD0014,STORE009,22,41
PROD0014,STORE010,1,78
PROD0014,STORE011,374,95
PROD0014,STORE012,89,97
PROD0014,STORE013,265,92
PROD0014,STORE014,463,50
PROD0014,STORE015,237,37
PROD0014,STORE016,455,63
PROD0014,STORE017,11,32
PROD0014,STORE018,247,94
PROD0014,STORE019,81,65
PROD0014,STORE020,463,59
PROD0015,STORE001,78,52
PROD0015,STORE002,323,42
PROD0015,STORE003,374,98
PROD0015,STORE004,489,63
PROD0015,STORE005,38,81
PROD0015,STORE006,36,74
PROD0015,STORE007,201,44
PROD0015,STORE008,245,59
PROD0015,STORE009,332,100
PROD0015,STORE010,426,42
PROD0015,STORE011,347,42
PROD0015,STORE012,398,41
PROD0015,STORE013,168,93
PROD0015,STORE014,118,49
PROD0015,STORE015,41,61
PROD0015,STORE016,374,48
PROD0015,STORE017,316,99
PROD0015,STORE018,391,100
PROD0015,STORE019,54,70
PROD0015,STORE020,62,73
PROD0016,STORE001,46,61
PROD0016,STORE002,413,30
PROD0016,STORE003,312,35
PROD0016,STORE004,262,70
PROD0016,STORE005,77,100
PROD0016,STORE006,204,88
PROD0016,STORE007,340,90
PROD0016,STORE008,435,49
PROD0016,STORE009,260,40
PROD0016,STORE010,11,69
PROD0016,STORE011,442,37
PROD0016,STORE012,33,92
PROD0016,STORE013,93,62
PROD0016,STORE014,245,99
PROD0016,STORE015,252,75
PROD0016,STORE016,319,65
PROD0016,STORE017,392,98
PROD0016,STORE018,256,88
PROD0016,STORE019,323,86
PROD0016,STORE020,62,42
PROD0017,STORE001,304,39
PROD0017,STORE002,82,98
PROD0017,STORE003,153,32
PROD0017,STORE004,333,35
PROD0017,STORE005,455,87
PROD0017,STORE006,87,86
PROD0017,STORE007,161,59
PROD0017,STORE008,400,78
PROD0017,STORE009,216,48
PROD0017,STORE010,299,88
PROD0017,STORE011,77,31
PROD0017,STORE012,52,77
PROD0017,STORE013,402,96
PROD0017,STORE014,96,79
PROD0017,STORE015,131,98
PROD0017,STORE016,284,79
PROD0017,STORE017,125,63
PROD0017,STORE018,220,80
PROD0017,STORE019,118,70
PROD0017,STORE020,80,43
PROD0018,STORE001,32,93
PROD0018,STORE002,133,86
PROD0018,STORE003,49,70
PROD0018,STORE004,168,48
PROD0018,STORE005,410,79
PROD0018,STORE006,337,35
PROD0018,STORE007,220,50
PROD0018,STORE008,145,73
PROD0018,STORE009,145,64
PROD0018,STORE010,407,40
PROD0018,STORE011,204,47
PROD0018,STORE012,136,59
PROD0018,STORE013,423,32
PROD0018,STORE014,314,98
PROD0018,STORE015,206,50
PROD0018,STORE016,390,92
PROD0018,STORE017,56,64
PROD0018,STORE018,477,87
PROD0018,STORE019,5,31
PROD0018,STORE020,367,92
PROD0019,STORE001,309,66
PROD0019,STORE002,422,38
PROD0019,STORE003,286,49
PROD0019,STORE004,92,69
PROD0019,STORE005,500,68
PROD0019,STORE006,24,42
PROD0019,STORE007,334,43
PROD0019,STORE008,305,95
PROD0019,STORE009,116,65
PROD0019,STORE010,487,53
PROD0019,STORE011,469,75
PROD0019,STORE012,77,39
PROD0019,STORE013,342,42
PROD0019,STORE014,456,30
PROD0019,STORE015,331,54
PROD0019,STORE016,4,97
PROD0019,STORE017,410,79
PROD0019,STORE018,258,47
PROD0019,STORE019,393,55
PROD0019,STORE020,328,63
PROD0020,STORE001,180,100
PROD0020,STORE002,203,60
PROD0020,STORE003,249,30
PROD0020,STORE004,231,89
PROD0020,STORE005,170,44
PROD0020,STORE006,140,46
PROD0020,STORE007,479,64
PROD0020,STORE008,0,58
PROD0020,STORE009,255,35
PROD0020,STORE010,409,86
PROD0020,STORE011,284,34
PROD0020,STORE012,59,87
PROD0020,STORE013,130,52
PROD0020,STORE014,486,92
PROD0020,STORE015,16,89
PROD0020,STORE016,107,65
PROD0020,STORE017,107,77
PROD0020,STORE018,293,81
PROD0020,STORE019,251,58
PROD0020,STORE020,36,36
PROD0021,STORE001,178,55
PROD0021,STORE002,100,92
PROD0021,STORE003,82,45
PROD0021,STORE004,321,69
PROD0021,STORE005,363,45
PROD0021,STORE006,391,45
PROD0021,STORE007,455,55
PROD0021,STORE008,192,89
PROD0021,STORE009,388,70
PROD0021,STORE010,178,79
PROD0021,STORE011,95,40
PROD0021,STORE012,13,66
PROD0021,STORE013,360,39
PROD0021,STORE014,131,82
PROD0021,STORE015,452,41
PROD0021,STORE016,217,69
PROD0021,STORE017,172,71
PROD0021,STORE018,190,56
PROD0021,STORE019,123,100
PROD0021,STORE020,318,38
PROD0022,STORE001,47,52
PROD0022,STORE002,155,30
PROD0022,STORE003,403,79
PROD0022,STORE004,67,34
PROD0022,STORE005,12,42
PROD0022,STORE006,126,75
PROD0022,STORE007,157,53
PROD0022,STORE008,24,90
PROD0022,STORE009,418,34
PROD0022,STORE010,412,92
PROD0022,STORE011,434,83
PROD0022,STORE012,449,65
PROD0022,STORE013,266,39
PROD0022,STORE014,89,90
PROD0022,STORE015,127,68
PROD0022,STORE016,322,56
PROD0022,STORE017,356,66
PROD0022,STORE018,340,34
PROD0022,STORE019,72,41
PROD0022,STORE020,334,74
PROD0023,STORE001,313,42
PROD0023,STORE002,162,93
PROD0023,STORE003,160,50
PROD0023,STORE004,311,81
PROD0023,STORE005,412,34
PROD0023,STORE006,405,43
PROD0023,STORE007,293,61
PROD0023,STORE008,16,69
PROD0023,STORE009,448,60
PROD0023,STORE010,336,53
PROD0023,STORE011,245,95
PROD0023,STORE012,339,100
PROD0023,STORE013,344,48
PROD0023,STORE014,252,93
PROD0023,STORE015,195,72
PROD0023,STORE016,315,51
PROD0023,STORE017,123,31
PROD0023,STORE018,131,49
PROD0023,STORE019,335,97
PROD0023,STORE020,308,98
PROD0024,STORE001,69,39
PROD0024,STORE002,288,34
PROD0024,STORE003,352,68
PROD0024,STORE004,123,79
PROD0024,STORE005,334,55
PROD0024,STORE006,312,46
PROD0024,STORE007,319,90
PROD0024,STORE008,22,76
PROD0024,STORE009,86,96
PROD0024,STORE010,116,97
PROD0024,STORE011,386,31
PROD0024,STORE012,216,92
PROD0024,STORE013,338,68
PROD0024,STORE014,106,100
PROD0024,STORE015,113,42
PROD0024,STORE016,321,45
PROD0024,STORE017,427,40
PROD0024,STORE018,63,42
PROD0024,STORE019,208,53
PROD0024,STORE020,236,51
PROD0025,STORE001,10,34
PROD0025,STORE002,454,31
PROD0025,STORE003,5,80
PROD0025,STORE004,95,48
PROD0025,STORE005,204,45
PROD0025,STORE006,63,41
PROD0025,STORE007,363,34
PROD0025,STORE008,383,98
PROD0025,STORE009,433,71
PROD0025,STORE010,74,76
PROD0025,STORE011,10,30
PROD0025,STORE012,353,69
PROD0025,STORE013,421,35
PROD0025,STORE014,334,77
PROD0025,STORE015,484,36
PROD0025,STORE016,325,59
PROD0025,STORE017,58,48
PROD0025,STORE018,234,81
PROD0025,STORE019,122,46
PROD0025,STORE020,394,75
PROD0026,STORE001,446,71
PROD0026,STORE002,108,81
PROD0026,STORE003,423,98
PROD0026,STORE004,495,47
PROD0026,STORE005,101,70
PROD0026,STORE006,492,48
PROD0026,STORE007,181,42
PROD0026,STORE008,123,30
PROD0026,STORE009,322,69
PROD0026,STORE010,215,30
PROD0026,STORE011,372,39
PROD0026,STORE012,387,49
PROD0026,STORE013,179,91
PROD0026,STORE014,493,53
PROD0026,STORE015,384,49
PROD0026,STORE016,395,57
PROD0026,STORE017,370,94
PROD0026,STORE018,235,88
PROD0026,STORE019,154,98
PROD0026,STORE020,201,40
PROD0027,STORE001,148,58
PROD0027,STORE002,77,91
PROD0027,STORE003,100,45
PROD0027,STORE004,112,88
PROD0027,STORE005,107,30
PROD0027,STORE006,354,63
PROD0027,STORE007,250,44
PROD0027,STORE008,364,32
PROD0027,STORE009,129,86
PROD0027,STORE010,154,51
PROD0027,STORE011,271,61
PROD0027,STORE012,383,72
PROD0027,STORE013,106,60
PROD0027,STORE014,129,36
PROD0027,STORE015,27,38
PROD0027,STORE016,458,58
PROD0027,STORE017,129,62
PROD0027,STORE018,451,59
PROD0027,STORE019,479,53
PROD0027,STORE020,402,64
PROD0028,STORE001,341,82
PROD0028,STORE002,120,51
PROD0028,STORE003,166,33
PROD0028,STORE004,442,94
PROD0028,STORE005,468,40
PROD0028,STORE006,336,87
PROD0028,STORE007,422,92
PROD0028,STORE008,53,88
PROD0028,STORE009,473,82
PROD0028,STORE010,274,83
PROD0028,STORE011,122,63
PROD0028,STORE012,496,49
PROD0028,STORE013,125,93
PROD0028,STORE014,88,79
PROD0028,STORE015,40,94
PROD0028,STORE016,424,40
PROD0028,STORE017,320,72
PROD0028,STORE018,437,76
PROD0028,STORE019,330,47
PROD0028,STORE020,157,100
PROD0029,STORE001,79,87
PROD0029,STORE002,419,90
PROD0029,STORE003,221,65
PROD0029,STORE004,297,98
PROD0029,STORE005,26,93
PROD0029,STORE006,30,71
PROD0029,STORE007,379,76
PROD0029,STORE008,321,45
PROD0029,STORE009,57,61
PROD0029,STORE010,500,78
PROD0029,STORE011,390,68
PROD0029,STORE012,361,69
PROD0029,STORE013,95,98
PROD0029,STORE014,60,56
PROD0029,STORE015,456,31
PROD0029,STORE016,376,85
PROD0029,STORE017,253,36
PROD0029,STORE018,18,98
PROD0029,STORE019,493,78
PROD0029,STORE020,279,94
PROD0030,STORE001,12,66
PROD0030,STORE002,270,100
PROD0030,STORE003,427,40
PROD0030,STORE004,236,65
PROD0030,STORE005,51,35
PROD0030,STORE006,405,48
PROD0030,STORE007,220,53
PROD0030,STORE008,386,65
PROD0030,STORE009,101,49
PROD0030,STORE010,189,61
PROD0030,STORE011,191,48
PROD0030,STORE012,27,95
PROD0030,STORE013,22,62
PROD0030,STORE014,413,30
PROD0030,STORE015,46,54
PROD0030,STORE016,380,56
PROD0030,STORE017,42,47
PROD0030,STORE018,196,44
PROD0030,STORE019,261,52
PROD0030,STORE020,146,61
PROD0031,STORE001,237,95
PROD0031,STORE002,13,31
PROD0031,STORE003,152,99
PROD0031,STORE004,126,82
PROD0031,STORE005,66,31
PROD0031,STORE006,393,50
PROD0031,STORE007,118,56
PROD0031,STORE008,395,50
PROD0031,STORE009,64,97
PROD0031,STORE010,313,90
PROD0031,STORE011,94,88
PROD0031,STORE012,296,82
PROD0031,STORE013,454,63
PROD0031,STORE014,455,97
PROD0031,STORE015,481,56
PROD0031,STORE016,329,48
PROD0031,STORE017,62,96
PROD0031,STORE018,362,70
PROD0031,STORE019,164,53
PROD0031,STORE020,331,49
PROD0032,STORE001,11,61
PROD0032,STORE002,56,98
PROD0032,STORE003,486,85
PROD0032,STORE004,209,54
PROD0032,STORE005,476,54
PROD0032,STORE006,99,100
PROD0032,STORE007,150,80
PROD0032,STORE008,304,37
PROD0032,STORE009,363,90
PROD0032,STORE010,52,47
PROD0032,STORE011,498,34
PROD0032,STORE012,284,96
PROD0032,STORE013,329,88
PROD0032,STORE014,211,76
PROD0032,STORE015,12,42
PROD0032,STORE016,88,98
PROD0032,STORE017,3,68
PROD0032,STORE018,171,53
PROD0032,STORE019,465,81
PROD0032,STORE020,133,67
PROD0033,STORE001,462,87
PROD0033,STORE002,112,61
PROD0033,STORE003,63,86
PROD0033,STORE004,261,61
PROD0033,STORE005,33,87
PROD0033,STORE006,283,94
PROD0033,STORE007,75,85
PROD0033,STORE008,146,41
PROD0033,STORE009,52,94
PROD0033,STORE010,109,96
PROD0033,STORE011,446,92
PROD0033,STORE012,160,53
PROD0033,STORE013,239,42
PROD0033,STORE014,248,61
PROD0033,STORE015,377,31
PROD0033,STORE016,296,89
PROD0033,STORE017,155,99
PROD0033,STORE018,102,36
PROD0033,STORE019,452,34
PROD0033,STORE020,29,90
PROD0034,STORE001,302,78
PROD0034,STORE002,135,99
PROD0034,STORE003,207,33
PROD0034,STORE004,164,99
PROD0034,STORE005,25,49
PROD0034,STORE006,94,48
PROD0034,STORE007,235,94
PROD0034,STORE008,153,81
PROD0034,STORE009,476,92
PROD0034,STORE010,120,36
PROD0034,STORE011,312,66
PROD0034,STORE012,438,98
PROD0034,STORE013,499,83
PROD0034,STORE014,286,92
PROD0034,STORE015,220,68
PROD0034,STORE016,37,57
PROD0034,STORE017,29,30
PROD0034,STORE018,257,92
PROD0034,STORE019,419,98
PROD0034,STORE020,65,78
PROD0035,STORE001,166,42
PROD0035,STORE002,238,73
PROD0035,STORE003,468,35
PROD0035,STORE004,36,97
PROD0035,STORE005,337,61
PROD0035,STORE006,395,56
PROD0035,STORE007,80,58
PROD0035,STORE008,389,77
PROD0035,STORE009,191,96
PROD0035,STORE010,476,94
PROD0035,STORE011,171,93
PROD0035,STORE012,114,55
PROD0035,STORE013,492,40
PROD0035,STORE014,482,35
PROD0035,STORE015,224,60
PROD0035,STORE016,375,53
PROD0035,STORE017,61,55
PROD0035,STORE018,499,58
PROD0035,STORE019,420,80
PROD0035,STORE020,268,55
PROD0036,STORE001,64,51
PROD0036,STORE002,158,39
PROD0036,STORE003,163,85
PROD0036,STORE004,142,85
PROD0036,STORE005,182,69
PROD0036,STORE006,95,89
PROD0036,STORE007,31,66
PROD0036,STORE008,104,34
PROD0036,STORE009,407,64
PROD0036,STORE010,161,98
PROD0036,STORE011,266,82
PROD0036,STORE012,336,90
PROD0036,STORE013,397,42
PROD0036,STORE014,81,93
PROD0036,STORE015,413,85
PROD0036,STORE016,394,45
PROD0036,STORE017,415,64
PROD0036,STORE018,287,92
PROD0036,STORE019,496,52
PROD0036,STORE020,53,69
PROD0037,STORE001,38,54
PROD0037,STORE002,274,54
PROD0037,STORE003,274,89
PROD0037,STORE004,499,61
PROD0037,STORE005,85,42
PROD0037,STORE006,291,73
PROD0037,STORE007,459,43
PROD0037,STORE008,199,73
PROD0037,STORE009,115,84
PROD0037,STORE010,483,67
PROD0037,STORE011,387,48
PROD0037,STORE012,190,43
PROD0037,STORE013,303,36
PROD0037,STORE014,203,36
PROD0037,STORE015,491,30
PROD0037,STORE016,274,94
PROD0037,STORE017,2,80
PROD0037,STORE018,441,66
PROD0037,STORE019,346,92
PROD0037,STORE020,93,48
PROD0038,STORE001,250,67
PROD0038,STORE002,38,81
PROD0038,STORE003,140,69
PROD0038,STORE004,186,61
PROD0038,STORE005,466,50
PROD0038,STORE006,201,33
PROD0038,STORE007,198,55
PROD0038,STORE008,208,57
PROD0038,STORE009,330,74
PROD0038,STORE010,290,79
PROD0038,STORE011,352,58
PROD0038,STORE012,323,89
PROD0038,STORE013,86,63
PROD0038,STORE014,294,70
PROD0038,STORE015,342,36
PROD0038,STORE016,195,32
PROD0038,STORE017,259,55
PROD0038,STORE018,177,43
PROD0038,STORE019,378,44
PROD0038,STORE020,126,36
PROD0039,STORE001,113,45
PROD0039,STORE002,423,68
PROD0039,STORE003,254,41
PROD0039,STORE004,265,85
PROD0039,STORE005,284,59
PROD0039,STORE006,198,46
PROD0039,STORE007,52,83
PROD0039,STORE008,47,52
PROD0039,STORE009,101,77
PROD0039,STORE010,292,100
PROD0039,STORE011,103,51
PROD0039,STORE012,131,90
PROD0039,STORE013,217,66
PROD0039,STORE014,249,44
PROD0039,STORE015,380,40
PROD0039,STORE016,81,74
PROD0039,STORE017,21,70
PROD0039,STORE018,449,94
PROD0039,STORE019,7,59
PROD0039,STORE020,81,34
PROD0040,STORE001,302,44
PROD0040,STORE002,109,43
PROD0040,STORE003,56,41
PROD0040,STORE004,438,36
PROD0040,STORE005,290,59
PROD0040,STORE006,441,52
PROD0040,STORE007,429,60
PROD0040,STORE008,7,48
PROD0040,STORE009,189,46
PROD0040,STORE010,160,76
PROD0040,STORE011,143,69
PROD0040,STORE012,188,100
PROD0040,STORE013,145,78
PROD0040,STORE014,418,58
PROD0040,STORE015,31,90
PROD0040,STORE016,329,54
PROD0040,STORE017,469,66
PROD0040,STORE018,243,30
PROD0040,STORE019,159,99
PROD0040,STORE020,55,31
PROD0041,STORE001,426,42
PROD0041,STORE002,195,43
PROD0041,STORE003,239,92
PROD0041,STORE004,202,49
PROD0041,STORE005,457,37
PROD0041,STORE006,231,74
PROD0041,STORE007,20,79
PROD0041,STORE008,285,89
PROD0041,STORE009,303,47
PROD0041,STORE010,148,79
PROD0041,STORE011,225,75
PROD0041,STORE012,336,47
PROD0041,STORE013,244,90
PROD0041,STORE014,90,86
PROD0041,STORE015,71,62
PROD0041,STORE016,366,70
PROD0041,STORE017,490,36
PROD0041,STORE018,261,74
PROD0041,STORE019,255,85
PROD0041,STORE020,177,78
PROD0042,STORE001,407,84
PROD0042,STORE002,183,87
PROD0042,STORE003,27,46
PROD0042,STORE004,203,37
PROD0042,STORE005,241,79
PROD0042,STORE006,338,49
PROD0042,STORE007,253,56
PROD0042,STORE008,128,35
PROD0042,STORE009,317,72
PROD0042,STORE010,122,46
PROD0042,STORE011,355,39
PROD0042,STORE012,136,81
PROD0042,STORE013,157,38
PROD0042,STORE014,16,64
PROD0042,STORE015,449,93
PROD0042,STORE016,205,60
PROD0042,STORE017,407,38
PROD0042,STORE018,293,60
PROD0042,STORE019,472,100
PROD0042,STORE020,148,73
PROD0043,STORE001,488,60
PROD0043,STORE002,274,49
PROD0043,STORE003,283,72
PROD0043,STORE004,256,37
PROD0043,STORE005,366,75
PROD0043,STORE006,395,94
PROD0043,STORE007,24,64
PROD0043,STORE008,495,48
PROD0043,STORE009,176,97
PROD0043,STORE010,202,95
PROD0043,STORE011,413,97
PROD0043,STORE012,499,65
PROD0043,STORE013,19,49
PROD0043,STORE014,193,37
PROD0043,STORE015,112,86
PROD0043,STORE016,327,37
PROD0043,STORE017,93,87
PROD0043,STORE018,379,66
PROD0043,STORE019,397,74
PROD0043,STORE020,466,49
PROD0044,STORE001,458,55
PROD0044,STORE002,131,30
PROD0044,STORE003,121,99
PROD0044,STORE004,43,95
PROD0044,STORE005,340,34
PROD0044,STORE006,245,98
PROD0044,STORE007,58,82
PROD0044,STORE008,144,48
PROD0044,STORE009,209,89
PROD0044,STORE010,335,78
PROD0044,STORE011,48,82
PROD0044,STORE012,52,61
PROD0044,STORE013,119,53
PROD0044,STORE014,442,51
PROD0044,STORE015,122,88
PROD0044,STORE016,273,91
PROD0044,STORE017,10,63
PROD0044,STORE018,247,93
PROD0044,STORE019,268,93
PROD0044,STORE020,229,66
PROD0045,STORE001,369,68
PROD0045,STORE002,495,52
PROD0045,STORE003,110,63
PROD0045,STORE004,440,35
PROD0045,STORE005,420,85
PROD0045,STORE006,228,57
PROD0045,STORE007,95,48
PROD0045,STORE008,56,74
PROD0045,STORE009,456,66
PROD0045,STORE010,375,54
PROD0045,STORE011,116,63
PROD0045,STORE012,336,97
PROD0045,STORE013,275,43
PROD0045,STORE014,334,94
PROD0045,STORE015,88,57
PROD0045,STORE016,367,74
PROD0045,STORE017,80,88
PROD0045,STORE018,380,62
PROD0045,STORE019,458,37
PROD0045,STORE020,412,86
PROD0046,STORE001,58,94
PROD0046,STORE002,158,82
PROD0046,STORE003,393,88
PROD0046,STORE004,401,35
PROD0046,STORE005,343,95
PROD0046,STORE006,365,94
PROD0046,STORE007,497,66
PROD0046,STORE008,319,99
PROD0046,STORE009,11,84
PROD0046,STORE010,12,62
PROD0046,STORE011,31,72
PROD0046,STORE012,208,96
PROD0046,STORE013,128,92
PROD0046,STORE014,34,88
PROD0046,STORE015,25,54
PROD0046,STORE016,233,41
PROD0046,STORE017,180,40
PROD0046,STORE018,484,62
PROD0046,STORE019,319,50
PROD0046,STORE020,223,35
PROD0047,STORE001,427,64
PROD0047,STORE002,306,65
PROD0047,STORE003,308,91
PROD0047,STORE004,66,68
PROD0047,STORE005,230,63
PROD0047,STORE006,460,68
PROD0047,STORE007,130,37
PROD0047,STORE008,34,59
PROD0047,STORE009,367,39
PROD0047,STORE010,253,91
PROD0047,STORE011,200,66
PROD0047,STORE012,378,65
PROD0047,STORE013,67,96
PROD0047,STORE014,450,67
PROD0047,STORE015,393,46
PROD0047,STORE016,497,83
PROD0047,STORE017,188,75
PROD0047,STORE018,243,34
PROD0047,STORE019,229,91
PROD0047,STORE020,80,80
PROD0048,STORE001,25,53
PROD0048,STORE002,294,96
PROD0048,STORE003,406,54
PROD0048,STORE004,352,57
PROD0048,STORE005,492,62
PROD0048,STORE006,135,42
PROD0048,STORE007,91,31
PROD0048,STORE008,24,96
PROD0048,STORE009,336,74
PROD0048,STORE010,435,94
PROD0048,STORE011,64,41
PROD0048,STORE012,292,63
PROD0048,STORE013,174,34
PROD0048,STORE014,203,79
PROD0048,STORE015,350,32
PROD0048,STORE016,356,87
PROD0048,STORE017,13,71
PROD0048,STORE018,59,75
PROD0048,STORE019,364,63
PROD0048,STORE020,109,66
PROD0049,STORE001,166,97
PROD0049,STORE002,104,54
PROD0049,STORE003,159,92
PROD0049,STORE004,56,96
PROD0049,STORE005,207,74
PROD0049,STORE006,343,81
PROD0049,STORE007,92,94
PROD0049,STORE008,29,81
PROD0049,STORE009,161,74
PROD0049,STORE010,200,57
PROD0049,STORE011,28,72
PROD0049,STORE012,249,60
PROD0049,STORE013,56,99
PROD0049,STORE014,269,89
PROD0049,STORE015,342,35
PROD0049,STORE016,16,39
PROD0049,STORE017,314,83
PROD0049,STORE018,36,63
PROD0049,STORE019,420,35
PROD0049,STORE020,456,30
PROD0050,STORE001,485,96
PROD0050,STORE002,226,96
PROD0050,STORE003,406,62
PROD0050,STORE004,464,54
PROD0050,STORE005,65,47
PROD0050,STORE006,388,83
PROD0050,STORE007,430,94
PROD0050,STORE008,95,42
PROD0050,STORE009,13,77
PROD0050,STORE010,331,70
PROD0050,STORE011,111,44
PROD0050,STORE012,51,38
PROD0050,STORE013,225,42
PROD0050,STORE014,435,95
PROD0050,STORE015,365,36
PROD0050,STORE016,255,95
PROD0050,STORE017,85,85
PROD0050,STORE018,341,90
PROD0050,STORE019,498,80
PROD0050,STORE020,279,60
PROD0051,STORE001,325,34
PROD0051,STORE002,472,43
PROD0051,STORE003,297,92
PROD0051,STORE004,102,88
PROD0051,STORE005,362,54
PROD0051,STORE006,395,78
PROD0051,STORE007,421,85
PROD0051,STORE008,179,58
PROD0051,STORE009,191,39
PROD0051,STORE010,218,69
PROD0051,STORE011,354,92
PROD0051,STORE012,272,39
PROD0051,STORE013,28,70
PROD0051,STORE014,1,86
PROD0051,STORE015,345,87
PROD0051,STORE016,171,71
PROD0051,STORE017,456,52
PROD0051,STORE018,33,32
PROD0051,STORE019,27,96
PROD0051,STORE020,284,72
PROD0052,STORE001,42,90
PROD0052,STORE002,439,99
PROD0052,STORE003,233,94
PROD0052,STORE004,214,84
PROD0052,STORE005,327,47
PROD0052,STORE006,64,46
PROD0052,STORE007,371,62
PROD0052,STORE008,414,87
PROD0052,STORE009,480,69
PROD0052,STORE010,175,92
PROD0052,STORE011,363,41
PROD0052,STORE012,164,50
PROD0052,STORE013,14,58
PROD0052,STORE014,465,97
PROD0052,STORE015,266,36
PROD0052,STORE016,327,74
PROD0052,STORE017,33,57
PROD0052,STORE018,83,64
PROD0052,STORE019,418,73
PROD0052,STORE020,300,53
PROD0053,STORE001,461,92
PROD0053,STORE002,430,34
PROD0053,STORE003,171,75
PROD0053,STORE004,148,38
PROD0053,STORE005,485,71
PROD0053,STORE006,370,61
PROD0053,STORE007,475,96
PROD0053,STORE008,2,50
PROD0053,STORE009,143,36
PROD0053,STORE010,82,76
PROD0053,STORE011,445,99
PROD0053,STORE012,312,52
PROD0053,STORE013,286,96
PROD0053,STORE014,137,37
PROD0053,STORE015,439,96
PROD0053,STORE016,152,59
PROD0053,STORE017,255,70
PROD0053,STORE018,296,55
PROD0053,STORE019,322,33
PROD0053,STORE020,230,75
PROD0054,STORE001,277,88
PROD0054,STORE002,423,31
PROD0054,STORE003,67,72
PROD0054,STORE004,168,64
PROD0054,STORE005,39,89
PROD0054,STORE006,194,57
PROD0054,STORE007,50,100
PROD0054,STORE008,301,75
PROD0054,STORE009,301,56
PROD0054,STORE010,357,81
PROD0054,STORE011,175,99
PROD0054,STORE012,334,34
PROD0054,STORE013,300,31
PROD0054,STORE014,318,96
PROD0054,STORE015,150,69
PROD0054,STORE016,430,38
PROD0054,STORE017,51,33
PROD0054,STORE018,66,56
PROD0054,STORE019,406,48
PROD0054,STORE020,105,35
PROD0055,STORE001,267,53
PROD0055,STORE002,293,44
PROD0055,STORE003,135,63
PROD0055,STORE004,266,77
PROD0055,STORE005,28,52
PROD0055,STORE006,482,82
PROD0055,STORE007,196,80
PROD0055,STORE008,278,75
PROD0055,STORE009,431,88
PROD0055,STORE010,405,36
PROD0055,STORE011,153,48
PROD0055,STORE012,224,78
PROD0055,STORE013,411,44
PROD0055,STORE014,224,39
PROD0055,STORE015,179,67
PROD0055,STORE016,147,91
PROD0055,STORE017,238,33
PROD0055,STORE018,245,59
PROD0055,STORE019,432,40
PROD0055,STORE020,119,100
PROD0056,STORE001,323,99
PROD0056,STORE002,257,57
PROD0056,STORE003,98,73
PROD0056,STORE004,74,63
PROD0056,STORE005,266,86
PROD0056,STORE006,330,95
PROD0056,STORE007,202,32
PROD0056,STORE008,234,74
PROD0056,STORE009,22,42
PROD0056,STORE010,290,86
PROD0056,STORE011,317,40
PROD0056,STORE012,460,91
PROD0056,STORE013,175,69
PROD0056,STORE014,320,90
PROD0056,STORE015,281,66
PROD0056,STORE016,162,69
PROD0056,STORE017,464,32
PROD0056,STORE018,4,59
PROD0056,STORE019,203,75
PROD0056,STORE020,346,61
PROD0057,STORE001,141,47
PROD0057,STORE002,352,54
PROD0057,STORE003,0,65
PROD0057,STORE004,54,98
PROD0057,STORE005,265,74
PROD0057,STORE006,198,50
PROD0057,STORE007,242,88
PROD0057,STORE008,276,46
PROD0057,STORE009,65,40
PROD0057,STORE010,52,37
PROD0057,STORE011,14,95
PROD0057,STORE012,433,51
PROD0057,STORE013,318,78
PROD0057,STORE014,271,35
PROD0057,STORE015,263,41
PROD0057,STORE016,9,70
PROD0057,STORE017,27,89
PROD0057,STORE018,406,33
PROD0057,STORE019,287,85
PROD0057,STORE020,215,36
PROD0058,STORE001,212,50
PROD0058,STORE002,222,38
PROD0058,STORE003,333,81
PROD0058,STORE004,277,96
PROD0058,STORE005,331,79
PROD0058,STORE006,359,59
PROD0058,STORE007,45,50
PROD0058,STORE008,462,92
PROD0058,STORE009,2,78
PROD0058,STORE010,144,79
PROD0058,STORE011,226,78
PROD0058,STORE012,495,89
PROD0058,STORE013,413,33
PROD0058,STORE014,144,44
PROD0058,STORE015,380,56
PROD0058,STORE016,134,82
PROD0058,STORE017,477,88
PROD0058,STORE018,354,32
PROD0058,STORE019,133,40
PROD0058,STORE020,13,66
PROD0059,STORE001,271,78
PROD0059,STORE002,53,60
PROD0059,STORE003,436,47
PROD0059,STORE004,277,62
PROD0059,STORE005,204,100
PROD0059,STORE006,233,82
PROD0059,STORE007,10,99
PROD0059,STORE008,380,34
PROD0059,STORE009,424,100
PROD0059,STORE010,224,39
PROD0059,STORE011,412,76
PROD0059,STORE012,50,64
PROD0059,STORE013,454,50
PROD0059,STORE014,50,53
PROD0059,STORE015,305,82
PROD0059,STORE016,170,100
PROD0059,STORE017,241,30
PROD0059,STORE018,284,36
PROD0059,STORE019,376,77
PROD0059,STORE020,63,79
PROD0060,STORE001,373,49
PROD0060,STORE002,431,41
PROD0060,STORE003,69,88
PROD0060,STORE004,420,95
PROD0060,STORE005,163,79
PROD0060,STORE006,297,38
PROD0060,STORE007,131,52
PROD0060,STORE008,432,80
PROD0060,STORE009,302,56
PROD0060,STORE010,428,95
PROD0060,STORE011,278,36
PROD0060,STORE012,231,86
PROD0060,STORE013,263,89
PROD0060,STORE014,390,34
PROD0060,STORE015,6,59
PROD0060,STORE016,87,90
PROD0060,STORE017,184,83
PROD0060,STORE018,312,55
PROD0060,STORE019,441,91
PROD0060,STORE020,468,98
PROD0061,STORE001,17,63
PROD0061,STORE002,475,87
PROD0061,STORE003,380,73
PROD0061,STORE004,191,99
PROD0061,STORE005,281,63
PROD0061,STORE006,313,79
PROD0061,STORE007,406,98
PROD0061,STORE008,18,61
PROD0061,STORE009,25,65
PROD0061,STORE010,388,68
PROD0061,STORE011,422,87
PROD0061,STORE012,496,77
PROD0061,STORE013,96,94
PROD0061,STORE014,265,33
PROD0061,STORE015,41,75
PROD0061,STORE016,50,42
PROD0061,STORE017,317,48
PROD0061,STORE018,224,45
PROD0061,STORE019,101,33
PROD0061,STORE020,303,64
PROD0062,STORE001,286,61
PROD0062,STORE002,399,42
PROD0062,STORE003,467,96
PROD0062,STORE004,147,77
PROD0062,STORE005,53,50
PROD0062,STORE006,110,93
PROD0062,STORE007,242,37
PROD0062,STORE008,120,50
PROD0062,STORE009,348,50
PROD0062,STORE010,224,39
PROD0062,STORE011,485,62
PROD0062,STORE012,295,40
PROD0062,STORE013,296,85
PROD0062,STORE014,86,84
PROD0062,STORE015,68,90
PROD0062,STORE016,308,38
PROD0062,STORE017,131,43
PROD0062,STORE018,246,51
PROD0062,STORE019,5,47
PROD0062,STORE020,224,46
PROD0063,STORE001,297,97
PROD0063,STORE002,329,80
PROD0063,STORE003,0,85
PROD0063,STORE004,487,100
PROD0063,STORE005,258,73
PROD0063,STORE006,51,77
PROD0063,STORE007,492,58
PROD0063,STORE008,352,35
PROD0063,STORE009,293,31
PROD0063,STORE010,478,93
PROD0063,STORE011,399,98
PROD0063,STORE012,284,65
PROD0063,STORE013,90,63
PROD0063,STORE014,317,56
PROD0063,STORE015,404,62
PROD0063,STORE016,129,43
PROD0063,STORE017,126,74
PROD0063,STORE018,235,78
PROD0063,STORE019,300,40
PROD0063,STORE020,456,68
PROD0064,STORE001,369,48
PROD0064,STORE002,491,51
PROD0064,STORE003,9,84
PROD0064,STORE004,463,66
PROD0064,STORE005,354,59
PROD0064,STORE006,166,38
PROD0064,STORE007,372,58
PROD0064,STORE008,164,90
PROD0064,STORE009,140,81
PROD0064,STORE010,416,56
PROD0064,STORE011,317,98
PROD0064,STORE012,32,90
PROD0064,STORE013,19,30
PROD0064,STORE014,458,98
PROD0064,STORE015,191,48
PROD0064,STORE016,93,50
PROD0064,STORE017,146,59
PROD0064,STORE018,410,87
PROD0064,STORE019,337,58
PROD0064,STORE020,427,92
PROD0065,STORE001,286,91
PROD0065,STORE002,385,44
PROD0065,STORE003,433,74
PROD0065,STORE004,361,30
PROD0065,STORE005,459,34
PROD0065,STORE006,99,83
PROD0065,STORE007,481,93
PROD0065,STORE008,282,56
PROD0065,STORE009,144,73
PROD0065,STORE010,219,48
PROD0065,STORE011,447,88
PROD0065,STORE012,438,45
PROD0065,STORE013,344,52
PROD0065,STORE014,57,51
PROD0065,STORE015,370,43
PROD0065,STORE016,334,62
PROD0065,STORE017,231,76
PROD0065,STORE018,15,58
PROD0065,STORE019,135,37
PROD0065,STORE020,422,60
PROD0066,STORE001,109,78
PROD0066,STORE002,332,31
PROD0066,STORE003,190,38
PROD0066,STORE004,121,31
PROD0066,STORE005,190,44
PROD0066,STORE006,439,40
PROD0066,STORE007,107,54
PROD0066,STORE008,488,89
PROD0066,STORE009,159,65
PROD0066,STORE010,34,57
PROD0066,STORE011,223,73
PROD0066,STORE012,30,40
PROD0066,STORE013,433,79
PROD0066,STORE014,278,76
PROD0066,STORE015,418,99
PROD0066,STORE016,401,91
PROD0066,STORE017,499,71
PROD0066,STORE018,376,94
PROD0066,STORE019,246,51
PROD0066,STORE020,158,54
PROD0067,STORE001,31,43
PROD0067,STORE002,111,74
PROD0067,STORE003,257,81
PROD0067,STORE004,182,67
PROD0067,STORE005,145,98
PROD0067,STORE006,108,86
PROD0067,STORE007,209,76
PROD0067,STORE008,273,79
PROD0067,STORE009,393,77
PROD0067,STORE010,425,49
PROD0067,STORE011,193,57
PROD0067,STORE012,456,93
PROD0067,STORE013,476,77
PROD0067,STORE014,232,93
PROD0067,STORE015,31,77
PROD0067,STORE016,210,78
PROD0067,STORE017,228,58
PROD0067,STORE018,276,76
PROD0067,STORE019,459,61
PROD0067,STORE020,433,86
PROD0068,STORE001,58,84
PROD0068,STORE002,336,34
PROD0068,STORE003,74,76
PROD0068,STORE004,210,87
PROD0068,STORE005,167,85
PROD0068,STORE006,109,46
PROD0068,STORE007,191,72
PROD0068,STORE008,354,63
PROD0068,STORE009,296,99
PROD0068,STORE010,266,95
PROD0068,STORE011,397,87
PROD0068,STORE012,435,43
PROD0068,STORE013,7,75
PROD0068,STORE014,124,31
PROD0068,STORE015,182,64
PROD0068,STORE016,94,44
PROD0068,STORE017,414,55
PROD0068,STORE018,181,94
PROD0068,STORE019,226,85
PROD0068,STORE020,84,68
PROD0069,STORE001,178,35
PROD0069,STORE002,290,53
PROD0069,STORE003,300,73
PROD0069,STORE004,357,65
PROD0069,STORE005,140,77
PROD0069,STORE006,114,66
PROD0069,STORE007,304,72
PROD0069,STORE008,265,50
PROD0069,STORE009,137,92
PROD0069,STORE010,478,89
PROD0069,STORE011,173,96
PROD0069,STORE012,472,86
PROD0069,STORE013,103,63
PROD0069,STORE014,10,44
PROD0069,STORE015,122,85
PROD0069,STORE016,313,83
PROD0069,STORE017,389,69
PROD0069,STORE018,40,38
PROD0069,STORE019,431,63
PROD0069,STORE020,12,79
PROD0070,STORE001,481,53
PROD0070,STORE002,348,48
PROD0070,STORE003,10,78
PROD0070,STORE004,245,53
PROD0070,STORE005,377,46
PROD0070,STORE006,2,70
PROD0070,STORE007,232,34
PROD0070,STORE008,162,39
PROD0070,STORE009,22,60
PROD0070,STORE010,192,62
PROD0070,STORE011,195,37
PROD0070,STORE012,408,98
PROD0070,STORE013,101,51
PROD0070,STORE014,93,63
PROD0070,STORE015,277,80
PROD0070,STORE016,109,39
PROD0070,STORE017,255,88
PROD0070,STORE018,155,59
PROD0070,STORE019,409,73
PROD0070,STORE020,475,74
PROD0071,STORE001,456,63
PROD0071,STORE002,471,83
PROD0071,STORE003,175,71
PROD0071,STORE004,349,44
PROD0071,STORE005,215,68
PROD0071,STORE006,21,40
PROD0071,STORE007,494,56
PROD0071,STORE008,308,32
PROD0071,STORE009,100,63
PROD0071,STORE010,49,40
PROD0071,STORE011,359,57
PROD0071,STORE012,43,81
PROD0071,STORE013,243,50
PROD0071,STORE014,423,71
PROD0071,STORE015,140,54
PROD0071,STORE016,323,84
PROD0071,STORE017,170,38
PROD0071,STORE018,249,56
PROD0071,STORE019,55,41
PROD0071,STORE020,182,76
PROD0072,STORE001,13,99
PROD0072,STORE002,446,34
PROD0072,STORE003,496,86
PROD0072,STORE004,313,95
PROD0072,STORE005,343,31
PROD0072,STORE006,187,71
PROD0072,STORE007,433,79
PROD0072,STORE008,368,67
PROD0072,STORE009,474,49
PROD0072,STORE010,303,51
PROD0072,STORE011,296,61
PROD0072,STORE012,252,70
PROD0072,STORE013,224,51
PROD0072,STORE014,419,75
PROD0072,STORE015,390,51
PROD0072,STORE016,454,41
PROD0072,STORE017,358,79
PROD0072,STORE018,54,85
PROD0072,STORE019,428,36
PROD0072,STORE020,277,62
PROD0073,STORE001,279,35
PROD0073,STORE002,186,85
PROD0073,STORE003,318,41
PROD0073,STORE004,319,30
PROD0073,STORE005,452,87
PROD0073,STORE006,182,89
PROD0073,STORE007,381,88
PROD0073,STORE008,192,81
PROD0073,STORE009,468,52
PROD0073,STORE010,288,43
PROD0073,STORE011,367,39
PROD0073,STORE012,369,34
PROD0073,STORE013,448,95
PROD0073,STORE014,182,70
PROD0073,STORE015,388,74
PROD0073,STORE016,279,50
PROD0073,STORE017,171,30
PROD0073,STORE018,356,64
PROD0073,STORE019,397,76
PROD0073,STORE020,249,85
PROD0074,STORE001,446,59
PROD0074,STORE002,473,87
PROD0074,STORE003,439,32
PROD0074,STORE004,168,35
PROD0074,STORE005,278,46
PROD0074,STORE006,20,100
PROD0074,STORE007,65,73
PROD0074,STORE008,281,85
PROD0074,STORE009,499,44
PROD0074,STORE010,19,41
PROD0074,STORE011,113,46
PROD0074,STORE012,167,60
PROD0074,STORE013,66,100
PROD0074,STORE014,307,74
PROD0074,STORE015,148,65
PROD0074,STORE016,318,54
PROD0074,STORE017,92,93
PROD0074,STORE018,87,34
PROD0074,STORE019,60,86
PROD0074,STORE020,444,69
PROD0075,STORE001,320,44
PROD0075,STORE002,449,39
PROD0075,STORE003,313,63
PROD0075,STORE004,418,95
PROD0075,STORE005,51,58
PROD0075,STORE006,188,65
PROD0075,STORE007,244,73
PROD0075,STORE008,266,96
PROD0075,STORE009,464,35
PROD0075,STORE010,15,92
PROD0075,STORE011,411,87
PROD0075,STORE012,376,70
PROD0075,STORE013,314,76
PROD0075,STORE014,448,41
PROD0075,STORE015,253,40
PROD0075,STORE016,416,53
PROD0075,STORE017,471,89
PROD0075,STORE018,425,70
PROD0075,STORE019,379,47
PROD0075,STORE020,315,62
PROD0076,STORE001,177,31
PROD0076,STORE002,233,83
PROD0076,STORE003,332,65
PROD0076,STORE004,369,63
PROD0076,STORE005,126,50
PROD0076,STORE006,228,57
PROD0076,STORE007,202,60
PROD0076,STORE008,31,64
PROD0076,STORE009,225,83
PROD0076,STORE010,289,36
PROD0076,STORE011,141,57
PROD0076,STORE012,433,50
PROD0076,STORE013,259,72
PROD0076,STORE014,65,36
PROD0076,STORE015,125,47
PROD0076,STORE016,477,47
PROD0076,STORE017,133,66
PROD0076,STORE018,174,66
PROD0076,STORE019,448,80
PROD0076,STORE020,54,41
PROD0077,STORE001,487,72
PROD0077,STORE002,356,98
PROD0077,STORE003,118,33
PROD0077,STORE004,71,44
PROD0077,STORE005,211,54
PROD0077,STORE006,22,52
PROD0077,STORE007,337,77
PROD0077,STORE008,496,41
PROD0077,STORE009,180,63
PROD0077,STORE010,382,71
PROD0077,STORE011,440,55
PROD0077,STORE012,419,49
PROD0077,STORE013,406,58
PROD0077,STORE014,201,81
PROD0077,STORE015,118,60
PROD0077,STORE016,89,64
PROD0077,STORE017,284,87
PROD0077,STORE018,316,83
PROD0077,STORE019,196,48
PROD0077,STORE020,19,49
PROD0078,STORE001,95,49
PROD0078,STORE002,175,49
PROD0078,STORE003,388,93
PROD0078,STORE004,330,100
PROD0078,STORE005,385,92
PROD0078,STORE006,154,67
PROD0078,STORE007,355,55
PROD0078,STORE008,52,60
PROD0078,STORE009,244,41
PROD0078,STORE010,224,95
PROD0078,STORE011,290,34
PROD0078,STORE012,383,64
PROD0078,STORE013,335,90
PROD0078,STORE014,108,64
PROD0078,STORE015,376,41
PROD0078,STORE016,354,43
PROD0078,STORE017,264,30
PROD0078,STORE018,303,67
PROD0078,STORE019,235,75
PROD0078,STORE020,452,84
PROD0079,STORE001,349,60
PROD0079,STORE002,499,39
PROD0079,STORE003,386,99
PROD0079,STORE004,52,46
PROD0079,STORE005,1,100
PROD0079,STORE006,215,30
PROD0079,STORE007,500,31
PROD0079,STORE008,16,100
PROD0079,STORE009,332,38
PROD0079,STORE010,43,44
PROD0079,STORE011,2,71
PROD0079,STORE012,262,82
PROD0079,STORE013,322,85
PROD0079,STORE014,58,37
PROD0079,STORE015,82,42
PROD0079,STORE016,476,78
PROD0079,STORE017,332,93
PROD0079,STORE018,217,74
PROD0079,STORE019,392,48
PROD0079,STORE020,278,84
PROD0080,STORE001,31,31
PROD0080,STORE002,391,50
PROD0080,STORE003,471,77
PROD0080,STORE004,113,85
PROD0080,STORE005,184,50
PROD0080,STORE006,465,96
PROD0080,STORE007,34,59
PROD0080,STORE008,498,93
PROD0080,STORE009,490,40
PROD0080,STORE010,459,61
PROD0080,STORE011,196,80
PROD0080,STORE012,236,32
PROD0080,STORE013,486,72
PROD0080,STORE014,175,31
PROD0080,STORE015,77,66
PROD0080,STORE016,3,30
PROD0080,STORE017,495,96
PROD0080,STORE018,229,92
PROD0080,STORE019,17,80
PROD0080,STORE020,122,48
PROD0081,STORE001,259,83
PROD0081,STORE002,80,77
PROD0081,STORE003,21,41
PROD0081,STORE004,230,61
PROD0081,STORE005,480,94
PROD0081,STORE006,479,65
PROD0081,STORE007,263,43
PROD0081,STORE008,350,62
PROD0081,STORE009,147,44
PROD0081,STORE010,438,90
PROD0081,STORE011,273,77
PROD0081,STORE012,410,79
PROD0081,STORE013,97,92
PROD0081,STORE014,336,66
PROD0081,STORE015,281,39
PROD0081,STORE016,498,55
PROD0081,STORE017,273,73
PROD0081,STORE018,49,31
PROD0081,STORE019,387,91
PROD0081,STORE020,492,68
PROD0082,STORE001,90,80
PROD0082,STORE002,345,77
PROD0082,STORE003,489,70
PROD0082,STORE004,370,81
PROD0082,STORE005,201,100
PROD0082,STORE006,427,99
PROD0082,STORE007,381,56
PROD0082,STORE008,473,95
PROD0082,STORE009,232,79
PROD0082,STORE010,449,36
PROD0082,STORE011,471,58
PROD0082,STORE012,360,57
PROD0082,STORE013,21,44
PROD0082,STORE014,233,63
PROD0082,STORE015,400,66
PROD0082,STORE016,300,53
PROD0082,STORE017,77,34
PROD0082,STORE018,389,31
PROD0082,STORE019,255,44
PROD0082,STORE020,241,39
PROD0083,STORE001,419,43
PROD0083,STORE002,247,41
PROD0083,STORE003,386,59
PROD0083,STORE004,183,84
PROD0083,STORE005,254,94
PROD0083,STORE006,490,87
PROD0083,STORE007,278,100
PROD0083,STORE008,142,99
PROD0083,STORE009,424,92
PROD0083,STORE010,373,68
PROD0083,STORE011,455,64
PROD0083,STORE012,35,90
PROD0083,STORE013,307,77
PROD0083,STORE014,178,95
PROD0083,STORE015,188,33
PROD0083,STORE016,188,95
PROD0083,STORE017,36,69
PROD0083,STORE018,472,96
PROD0083,STORE019,112,62
PROD0083,STORE020,465,75
PROD0084,STORE001,485,49
PROD0084,STORE002,363,96
PROD0084,STORE003,448,39
PROD0084,STORE004,493,90
PROD0084,STORE005,58,97
PROD0084,STORE006,406,58
PROD0084,STORE007,252,86
PROD0084,STORE008,258,70
PROD0084,STORE009,18,65
PROD0084,STORE010,219,34
PROD0084,STORE011,166,36
PROD0084,STORE012,471,86
PROD0084,STORE013,220,57
PROD0084,STORE014,425,57
PROD0084,STORE015,51,78
PROD0084,STORE016,260,30
PROD0084,STORE017,363,31
PROD0084,STORE018,363,93
PROD0084,STORE019,312,49
PROD0084,STORE020,491,71
PROD0085,STORE001,328,68
PROD0085,STORE002,457,62
PROD0085,STORE003,127,80
PROD0085,STORE004,236,75
PROD0085,STORE005,93,74
PROD0085,STORE006,208,46
PROD0085,STORE007,0,70
PROD0085,STORE008,437,94
PROD0085,STORE009,402,69
PROD0085,STORE010,437,79
PROD0085,STORE011,447,95
PROD0085,STORE012,342,58
PROD0085,STORE013,452,92
PROD0085,STORE014,207,76
PROD0085,STORE015,79,55
PROD0085,STORE016,109,32
PROD0085,STORE017,424,65
PROD0085,STORE018,55,91
PROD0085,STORE019,363,56
PROD0085,STORE020,71,61
PROD0086,STORE001,87,75
PROD0086,STORE002,216,42
PROD0086,STORE003,21,78
PROD0086,STORE004,267,81
PROD0086,STORE005,48,75
PROD0086,STORE006,472,83
PROD0086,STORE007,305,82
PROD0086,STORE008,293,44
PROD0086,STORE009,493,54
PROD0086,STORE010,122,62
PROD0086,STORE011,294,36
PROD0086,STORE012,354,43
PROD0086,STORE013,58,47
PROD0086,STORE014,389,66
PROD0086,STORE015,266,30
PROD0086,STORE016,39,53
PROD0086,STORE017,194,48
PROD0086,STORE018,293,33
PROD0086,STORE019,468,77
PROD0086,STORE020,261,45
PROD0087,STORE001,435,82
PROD0087,STORE002,311,45
PROD0087,STORE003,149,47
PROD0087,STORE004,213,50
PROD0087,STORE005,330,68
PROD0087,STORE006,392,82
PROD0087,STORE007,181,72
PROD0087,STORE008,4,30
PROD0087,STORE009,394,76
PROD0087,STORE010,152,46
PROD0087,STORE011,385,98
PROD0087,STORE012,248,87
PROD0087,STORE013,270,89
PROD0087,STORE014,86,69
PROD0087,STORE015,5,84
PROD0087,STORE016,470,47
PROD0087,STORE017,498,84
PROD0087,STORE018,349,73
PROD0087,STORE019,365,67
PROD0087,STORE020,192,35
PROD0088,STORE001,287,51
PROD0088,STORE002,152,36
PROD0088,STORE003,95,42
PROD0088,STORE004,373,61
PROD0088,STORE005,359,90
PROD0088,STORE006,94,82
PROD0088,STORE007,416,56
PROD0088,STORE008,2,86
PROD0088,STORE009,455,41
PROD0088,STORE010,350,69
PROD0088,STORE011,116,95
PROD0088,STORE012,490,53
PROD0088,STORE013,473,50
PROD0088,STORE014,267,93
PROD0088,STORE015,49,39
PROD0088,STORE016,299,54
PROD0088,STORE017,14,44
PROD0088,STORE018,397,41
PROD0088,STORE019,271,64
PROD0088,STORE020,127,57
PROD0089,STORE001,243,44
PROD0089,STORE002,266,94
PROD0089,STORE003,87,51
PROD0089,STORE004,295,98
PROD0089,STORE005,385,51
PROD0089,STORE006,323,73
PROD0089,STORE007,113,91
PROD0089,STORE008,319,71
PROD0089,STORE009,188,57
PROD0089,STORE010,45,86
PROD0089,STORE011,489,58
PROD0089,STORE012,123,69
PROD0089,STORE013,288,45
PROD0089,STORE014,96,34
PROD0089,STORE015,65,73
PROD0089,STORE016,442,38
PROD0089,STORE017,296,60
PROD0089,STORE018,132,92
PROD0089,STORE019,445,55
PROD0089,STORE020,446,68
PROD0090,STORE001,383,82
PROD0090,STORE002,227,47
PROD0090,STORE003,58,43
PROD0090,STORE004,433,87
PROD0090,STORE005,465,67
PROD0090,STORE006,435,43
PROD0090,STORE007,66,48
PROD0090,STORE008,455,66
PROD0090,STORE009,64,48
PROD0090,STORE010,377,37
PROD0090,STORE011,102,70
PROD0090,STORE012,351,75
PROD0090,STORE013,427,84
PROD0090,STORE014,243,34
PROD0090,STORE015,435,80
PROD0090,STORE016,305,71
PROD0090,STORE017,410,38
PROD0090,STORE018,449,90
PROD0090,STORE019,75,30
PROD0090,STORE020,29,47
PROD0091,STORE001,119,86
PROD0091,STORE002,433,49
PROD0091,STORE003,281,94
PROD0091,STORE004,254,67
PROD0091,STORE005,35,38
PROD0091,STORE006,221,46
PROD0091,STORE007,317,83
PROD0091,STORE008,461,98
PROD0091,STORE009,121,62
PROD0091,STORE010,104,41
PROD0091,STORE011,84,100
PROD0091,STORE012,294,46
PROD0091,STORE013,361,72
PROD0091,STORE014,479,75
PROD0091,STORE015,125,93
PROD0091,STORE016,258,68
PROD0091,STORE017,125,34
PROD0091,STORE018,406,84
PROD0091,STORE019,158,53
PROD0091,STORE020,16,53
PROD0092,STORE001,127,78
PROD0092,STORE002,291,36
PROD0092,STORE003,89,70
PROD0092,STORE004,356,76
PROD0092,STORE005,91,70
PROD0092,STORE006,436,82
PROD0092,STORE007,177,34
PROD0092,STORE008,415,48
PROD0092,STORE009,99,55
PROD0092,STORE010,274,61
PROD0092,STORE011,408,88
PROD0092,STORE012,20,62
PROD0092,STORE013,386,75
PROD0092,STORE014,422,70
PROD0092,STORE015,14,79
PROD0092,STORE016,394,54
PROD0092,STORE017,321,95
PROD0092,STORE018,64,89
PROD0092,STORE019,155,80
PROD0092,STORE020,399,37
PROD0093,STORE001,128,89
PROD0093,STORE002,163,99
PROD0093,STORE003,171,51
PROD0093,STORE004,136,60
PROD0093,STORE005,420,42
PROD0093,STORE006,196,37
PROD0093,STORE007,188,75
PROD0093,STORE008,340,75
PROD0093,STORE009,69,37
PROD0093,STORE010,431,100
PROD0093,STORE011,281,46
PROD0093,STORE012,85,68
PROD0093,STORE013,487,96
PROD0093,STORE014,162,61
PROD0093,STORE015,122,93
PROD0093,STORE016,455,35
PROD0093,STORE017,106,86
PROD0093,STORE018,444,31
PROD0093,STORE019,213,79
PROD0093,STORE020,177,93
PROD0094,STORE001,308,74
PROD0094,STORE002,360,57
PROD0094,STORE003,372,37
PROD0094,STORE004,61,98
PROD0094,STORE005,275,83
PROD0094,STORE006,6,54
PROD0094,STORE007,494,69
PROD0094,STORE008,139,41
PROD0094,STORE009,194,56
PROD0094,STORE010,472,69
PROD0094,STORE011,457,70
PROD0094,STORE012,275,91
PROD0094,STORE013,143,35
PROD0094,STORE014,118,32
PROD0094,STORE015,389,63
PROD0094,STORE016,263,45
PROD0094,STORE017,294,37
PROD0094,STORE018,95,81
PROD0094,STORE019,313,98
PROD0094,STORE020,114,71
PROD0095,STORE001,44,62
PROD0095,STORE002,391,67
PROD0095,STORE003,484,79
PROD0095,STORE004,233,47
PROD0095,STORE005,227,98
PROD0095,STORE006,425,69
PROD0095,STORE007,236,49
PROD0095,STORE008,113,69
PROD0095,STORE009,475,37
PROD0095,STORE010,180,99
PROD0095,STORE011,448,60
PROD0095,STORE012,144,40
PROD0095,STORE013,372,83
PROD0095,STORE014,495,65
PROD0095,STORE015,286,70
PROD0095,STORE016,235,80
PROD0095,STORE017,95,81
PROD0095,STORE018,172,84
PROD0095,STORE019,130,65
PROD0095,STORE020,128,85
PROD0096,STORE001,386,54
PROD0096,STORE002,72,99
PROD0096,STORE003,59,70
PROD0096,STORE004,142,91
PROD0096,STORE005,190,68
PROD0096,STORE006,171,60
PROD0096,STORE007,105,96
PROD0096,STORE008,15,85
PROD0096,STORE009,262,47
PROD0096,STORE010,73,30
PROD0096,STORE011,119,31
PROD0096,STORE012,150,45
PROD0096,STORE013,389,30
PROD0096,STORE014,269,42
PROD0096,STORE015,36,77
PROD0096,STORE016,141,90
PROD0096,STORE017,370,81
PROD0096,STORE018,300,74
PROD0096,STORE019,111,85
PROD0096,STORE020,414,64
PROD0097,STORE001,421,78
PROD0097,STORE002,187,90
PROD0097,STORE003,344,61
PROD0097,STORE004,129,54
PROD0097,STORE005,438,98
PROD0097,STORE006,141,66
PROD0097,STORE007,66,86
PROD0097,STORE008,356,85
PROD0097,STORE009,246,35
PROD0097,STORE010,46,89
PROD0097,STORE011,193,30
PROD0097,STORE012,459,71
PROD0097,STORE013,192,54
PROD0097,STORE014,223,89
PROD0097,STORE015,270,56
PROD0097,STORE016,180,69
PROD0097,STORE017,162,52
PROD0097,STORE018,328,99
PROD0097,STORE019,461,69
PROD0097,STORE020,163,35
PROD0098,STORE001,302,37
PROD0098,STORE002,65,82
PROD0098,STORE003,227,39
PROD0098,STORE004,130,94
PROD0098,STORE005,280,93
PROD0098,STORE006,235,72
PROD0098,STORE007,490,41
PROD0098,STORE008,339,35
PROD0098,STORE009,374,32
PROD0098,STORE010,252,80
PROD0098,STORE011,14,66
PROD0098,STORE012,411,35
PROD0098,STORE013,106,84
PROD0098,STORE014,218,86
PROD0098,STORE015,380,33
PROD0098,STORE016,228,57
PROD0098,STORE017,470,87
PROD0098,STORE018,203,70
PROD0098,STORE019,406,70
PROD0098,STORE020,210,58
PROD0099,STORE001,182,54
PROD0099,STORE002,71,93
PROD0099,STORE003,267,100
PROD0099,STORE004,352,30
PROD0099,STORE005,312,73
PROD0099,STORE006,464,66
PROD0099,STORE007,2,43
PROD0099,STORE008,244,69
PROD0099,STORE009,68,33
PROD0099,STORE010,137,54
PROD0099,STORE011,249,31
PROD0099,STORE012,401,70
PROD0099,STORE013,349,71
PROD0099,STORE014,256,35
PROD0099,STORE015,160,36
PROD0099,STORE016,46,92
PROD0099,STORE017,62,63
PROD0099,STORE018,123,68
PROD0099,STORE019,47,91
PROD0099,STORE020,421,81
PROD0100,STORE001,436,80
PROD0100,STORE002,162,41
PROD0100,STORE003,0,39
PROD0100,STORE004,116,59
PROD0100,STORE005,453,54
PROD0100,STORE006,207,74
PROD0100,STORE007,313,47
PROD0100,STORE008,151,99
PROD0100,STORE009,351,80
PROD0100,STORE010,407,97
PROD0100,STORE011,55,88
PROD0100,STORE012,482,34
PROD0100,STORE013,496,93
PROD0100,STORE014,190,86
PROD0100,STORE015,99,66
PROD0100,STORE016,499,60
PROD0100,STORE017,442,67
PROD0100,STORE018,7,98
PROD0100,STORE019,459,62
PROD0100,STORE020,382,58
PROD0101,STORE001,259,70
PROD0101,STORE002,396,70
PROD0101,STORE003,392,65
PROD0101,STORE004,16,66
PROD0101,STORE005,145,96
PROD0101,STORE006,28,91
PROD0101,STORE007,140,76
PROD0101,STORE008,379,36
PROD0101,STORE009,239,67
PROD0101,STORE010,438,90
PROD0101,STORE011,251,87
PROD0101,STORE012,165,77
PROD0101,STORE013,351,58
PROD0101,STORE014,463,97
PROD0101,STORE015,92,57
PROD0101,STORE016,12,50
PROD0101,STORE017,202,73
PROD0101,STORE018,102,59
PROD0101,STORE019,458,49
PROD0101,STORE020,15,52
PROD0102,STORE001,243,78
PROD0102,STORE002,320,86
PROD0102,STORE003,219,49
PROD0102,STORE004,254,65
PROD0102,STORE005,267,88
PROD0102,STORE006,105,81
PROD0102,STORE007,459,33
PROD0102,STORE008,16,51
PROD0102,STORE009,435,33
PROD0102,STORE010,113,30
PROD0102,STORE011,352,38
PROD0102,STORE012,137,46
PROD0102,STORE013,367,37
PROD0102,STORE014,60,58
PROD0102,STORE015,194,61
PROD0102,STORE016,12,70
PROD0102,STORE017,432,83
PROD0102,STORE018,314,65
PROD0102,STORE019,212,76
PROD0102,STORE020,375,75
PROD0103,STORE001,299,52
PROD0103,STORE002,297,85
PROD0103,STORE003,487,66
PROD0103,STORE004,271,56
PROD0103,STORE005,395,83
PROD0103,STORE006,113,100
PROD0103,STORE007,45,86
PROD0103,STORE008,167,59
PROD0103,STORE009,265,40
PROD0103,STORE010,26,94
PROD0103,STORE011,166,95
PROD0103,STORE012,78,77
PROD0103,STORE013,8,88
PROD0103,STORE014,135,98
PROD0103,STORE015,233,35
PROD0103,STORE016,350,97
PROD0103,STORE017,438,31
PROD0103,STORE018,338,32
PROD0103,STORE019,28,52
PROD0103,STORE020,449,76
PROD0104,STORE001,0,91
PROD0104,STORE002,343,60
PROD0104,STORE003,174,44
PROD0104,STORE004,206,43
PROD0104,STORE005,90,81
PROD0104,STORE006,310,55
PROD0104,STORE007,256,86
PROD0104,STORE008,150,72
PROD0104,STORE009,298,49
PROD0104,STORE010,417,72
PROD0104,STORE011,206,31
PROD0104,STORE012,277,90
PROD0104,STORE013,163,43
PROD0104,STORE014,50,50
PROD0104,STORE015,260,33
PROD0104,STORE016,286,72
PROD0104,STORE017,394,44
PROD0104,STORE018,493,94
PROD0104,STORE019,307,53
PROD0104,STORE020,52,100
PROD0105,STORE001,43,45
PROD0105,STORE002,489,55
PROD0105,STORE003,126,86
PROD0105,STORE004,433,83
PROD0105,STORE005,61,88
PROD0105,STORE006,8,95
PROD0105,STORE007,436,90
PROD0105,STORE008,258,57
PROD0105,STORE009,192,97
PROD0105,STORE010,490,64
PROD0105,STORE011,176,77
PROD0105,STORE012,79,66
PROD0105,STORE013,255,67
PROD0105,STORE014,472,58
PROD0105,STORE015,124,35
PROD0105,STORE016,469,72
PROD0105,STORE017,39,52
PROD0105,STORE018,404,46
PROD0105,STORE019,148,30
PROD0105,STORE020,279,31
PROD0106,STORE001,213,37
PROD0106,STORE002,207,82
PROD0106,STORE003,104,64
PROD0106,STORE004,171,68
PROD0106,STORE005,313,63
PROD0106,STORE006,231,75
PROD0106,STORE007,359,79
PROD0106,STORE008,433,67
PROD0106,STORE009,416,71
PROD0106,STORE010,493,53
PROD0106,STORE011,109,88
PROD0106,STORE012,9,66
PROD0106,STORE013,84,84
PROD0106,STORE014,73,82
PROD0106,STORE015,321,85
PROD0106,STORE016,255,74
PROD0106,STORE017,279,86
PROD0106,STORE018,290,35
PROD0106,STORE019,19,100
PROD0106,STORE020,338,69
PROD0107,STORE001,272,52
PROD0107,STORE002,297,37
PROD0107,STORE003,451,57
PROD0107,STORE004,412,95
PROD0107,STORE005,266,94
PROD0107,STORE006,464,64
PROD0107,STORE007,30,31
PROD0107,STORE008,19,93
PROD0107,STORE009,386,33
PROD0107,STORE010,253,59
PROD0107,STORE011,302,52
PROD0107,STORE012,327,60
PROD0107,STORE013,38,77
PROD0107,STORE014,490,94
PROD0107,STORE015,340,88
PROD0107,STORE016,374,88
PROD0107,STORE017,237,37
PROD0107,STORE018,256,71
PROD0107,STORE019,446,85
PROD0107,STORE020,224,58
PROD0108,STORE001,370,48
PROD0108,STORE002,190,57
PROD0108,STORE003,312,35
PROD0108,STORE004,210,56
PROD0108,STORE005,378,66
PROD0108,STORE006,420,41
PROD0108,STORE007,263,64
PROD0108,STORE008,100,66
PROD0108,STORE009,211,100
PROD0108,STORE010,65,43
PROD0108,STORE011,456,32
PROD0108,STORE012,471,38
PROD0108,STORE013,445,70
PROD0108,STORE014,394,80
PROD0108,STORE015,154,99
PROD0108,STORE016,390,48
PROD0108,STORE017,279,95
PROD0108,STORE018,327,40
PROD0108,STORE019,489,54
PROD0108,STORE020,498,53
PROD0109,STORE001,475,82
PROD0109,STORE002,107,65
PROD0109,STORE003,63,58
PROD0109,STORE004,307,48
PROD0109,STORE005,226,59
PROD0109,STORE006,238,97
PROD0109,STORE007,423,93
PROD0109,STORE008,384,34
PROD0109,STORE009,267,46
PROD0109,STORE010,25,65
PROD0109,STORE011,269,67
PROD0109,STORE012,252,52
PROD0109,STORE013,109,62
PROD0109,STORE014,497,66
PROD0109,STORE015,347,59
PROD0109,STORE016,303,31
PROD0109,STORE017,47,90
PROD0109,STORE018,351,73
PROD0109,STORE019,254,82
PROD0109,STORE020,102,34
PROD0110,STORE001,345,38
PROD0110,STORE002,379,48
PROD0110,STORE003,197,85
PROD0110,STORE004,164,57
PROD0110,STORE005,106,64
PROD0110,STORE006,198,38
PROD0110,STORE007,39,52
PROD0110,STORE008,332,74
PROD0110,STORE009,171,38
PROD0110,STORE010,362,37
PROD0110,STORE011,46,57
PROD0110,STORE012,479,84
PROD0110,STORE013,414,42
PROD0110,STORE014,130,65
PROD0110,STORE015,297,68
PROD0110,STORE016,235,35
PROD0110,STORE017,361,92
PROD0110,STORE018,105,53
PROD0110,STORE019,375,74
PROD0110,STORE020,434,32
PROD0111,STORE001,37,98
PROD0111,STORE002,371,46
PROD0111,STORE003,360,96
PROD0111,STORE004,283,45
PROD0111,STORE005,276,32
PROD0111,STORE006,354,40
PROD0111,STORE007,218,78
PROD0111,STORE008,208,65
PROD0111,STORE009,243,88
PROD0111,STORE010,346,92
PROD0111,STORE011,171,89
PROD0111,STORE012,487,31
PROD0111,STORE013,259,36
PROD0111,STORE014,288,66
PROD0111,STORE015,358,88
PROD0111,STORE016,66,46
PROD0111,STORE017,237,69
PROD0111,STORE018,158,90
PROD0111,STORE019,152,44
PROD0111,STORE020,234,34
PROD0112,STORE001,340,81
PROD0112,STORE002,89,48
PROD0112,STORE003,171,92
PROD0112,STORE004,195,40
PROD0112,STORE005,378,64
PROD0112,STORE006,269,40
PROD0112,STORE007,92,81
PROD0112,STORE008,404,66
PROD0112,STORE009,62,39
PROD0112,STORE010,392,41
PROD0112,STORE011,363,94
PROD0112,STORE012,325,78
PROD0112,STORE013,232,96
PROD0112,STORE014,390,100
PROD0112,STORE015,134,55
PROD0112,STORE016,290,88
PROD0112,STORE017,332,83
PROD0112,STORE018,108,84
PROD0112,STORE019,33,88
PROD0112,STORE020,113,99
PROD0113,STORE001,446,99
PROD0113,STORE002,415,82
PROD0113,STORE003,369,96
PROD0113,STORE004,453,35
PROD0113,STORE005,81,41
PROD0113,STORE006,214,63
PROD0113,STORE007,497,49
PROD0113,STORE008,238,34
PROD0113,STORE009,316,66
PROD0113,STORE010,315,47
PROD0113,STORE011,80,49
PROD0113,STORE012,80,30
PROD0113,STORE013,214,45
PROD0113,STORE014,120,79
PROD0113,STORE015,309,76
PROD0113,STORE016,307,88
PROD0113,STORE017,435,76
PROD0113,STORE018,365,71
PROD0113,STORE019,22,59
PROD0113,STORE020,13,75
PROD0114,STORE001,146,54
PROD0114,STORE002,276,39
PROD0114,STORE003,62,98
PROD0114,STORE004,59,85
PROD0114,STORE005,467,75
PROD0114,STORE006,327,33
PROD0114,STORE007,355,94
PROD0114,STORE008,180,62
PROD0114,STORE009,97,51
PROD0114,STORE010,148,60
PROD0114,STORE011,438,93
PROD0114,STORE012,273,80
PROD0114,STORE013,344,56
PROD0114,STORE014,480,92
PROD0114,STORE015,302,97
PROD0114,STORE016,453,68
PROD0114,STORE017,248,40
PROD0114,STORE018,97,78
PROD0114,STORE019,234,50
PROD0114,STORE020,147,50
PROD0115,STORE001,245,90
PROD0115,STORE002,454,52
PROD0115,STORE003,193,44
PROD0115,STORE004,347,77
PROD0115,STORE005,236,82
PROD0115,STORE006,494,73
PROD0115,STORE007,172,46
PROD0115,STORE008,353,70
PROD0115,STORE009,263,40
PROD0115,STORE010,378,100
PROD0115,STORE011,227,49
PROD0115,STORE012,132,84
PROD0115,STORE013,258,42
PROD0115,STORE014,136,45
PROD0115,STORE015,97,52
PROD0115,STORE016,86,60
PROD0115,STORE017,492,85
PROD0115,STORE018,57,88
PROD0115,STORE019,253,55
PROD0115,STORE020,267,52
PROD0116,STORE001,166,92
PROD0116,STORE002,380,43
PROD0116,STORE003,406,69
PROD0116,STORE004,142,58
PROD0116,STORE005,391,49
PROD0116,STORE006,50,49
PROD0116,STORE007,206,97
PROD0116,STORE008,300,36
PROD0116,STORE009,58,86
PROD0116,STORE010,397,53
PROD0116,STORE011,253,30
PROD0116,STORE012,249,49
PROD0116,STORE013,149,36
PROD0116,STORE014,88,37
PROD0116,STORE015,36,40
PROD0116,STORE016,2,71
PROD0116,STORE017,168,71
PROD0116,STORE018,466,73
PROD0116,STORE019,408,43
PROD0116,STORE020,428,77
PROD0117,STORE001,366,67
PROD0117,STORE002,256,100
PROD0117,STORE003,349,57
PROD0117,STORE004,89,82
PROD0117,STORE005,165,97
PROD0117,STORE006,491,49
PROD0117,STORE007,278,86
PROD0117,STORE008,230,70
PROD0117,STORE009,59,50
PROD0117,STORE010,247,39
PROD0117,STORE011,21,58
PROD0117,STORE012,453,35
PROD0117,STORE013,375,44
PROD0117,STORE014,264,92
PROD0117,STORE015,260,81
PROD0117,STORE016,439,100
PROD0117,STORE017,416,59
PROD0117,STORE018,188,47
PROD0117,STORE019,357,51
PROD0117,STORE020,333,63
PROD0118,STORE001,233,53
PROD0118,STORE002,90,50
PROD0118,STORE003,483,94
PROD0118,STORE004,168,56
PROD0118,STORE005,344,49
PROD0118,STORE006,434,84
PROD0118,STORE007,94,66
PROD0118,STORE008,76,34
PROD0118,STORE009,399,39
PROD0118,STORE010,172,96
PROD0118,STORE011,283,66
PROD0118,STORE012,191,54
PROD0118,STORE013,56,76
PROD0118,STORE014,73,56
PROD0118,STORE015,424,41
PROD0118,STORE016,376,53
PROD0118,STORE017,35,60
PROD0118,STORE018,201,39
PROD0118,STORE019,350,96
PROD0118,STORE020,107,34
PROD0119,STORE001,367,56
PROD0119,STORE002,276,71
PROD0119,STORE003,171,96
PROD0119,STORE004,406,75
PROD0119,STORE005,327,72
PROD0119,STORE006,126,57
PROD0119,STORE007,324,53
PROD0119,STORE008,367,36
PROD0119,STORE009,263,30
PROD0119,STORE010,227,52
PROD0119,STORE011,415,74
PROD0119,STORE012,255,54
PROD0119,STORE013,3,61
PROD0119,STORE014,244,77
PROD0119,STORE015,143,98
PROD0119,STORE016,266,48
PROD0119,STORE017,440,68
PROD0119,STORE018,377,67
PROD0119,STORE019,464,52
PROD0119,STORE020,439,83
PROD0120,STORE001,241,33
PROD0120,STORE002,181,97
PROD0120,STORE003,62,65
PROD0120,STORE004,364,50
PROD0120,STORE005,35,78
PROD0120,STORE006,388,56
PROD0120,STORE007,399,85
PROD0120,STORE008,58,59
PROD0120,STORE009,74,73
PROD0120,STORE010,54,84
PROD0120,STORE011,449,80
PROD0120,STORE012,104,44
PROD0120,STORE013,62,95
PROD0120,STORE014,87,95
PROD0120,STORE015,386,89
PROD0120,STORE016,292,61
PROD0120,STORE017,51,48
PROD0120,STORE018,116,94
PROD0120,STORE019,201,34
PROD0120,STORE020,76,43
