order_date,total_revenue,total_profit,total_orders,profit_margin
2024-02-17,10966.8,4605.51,5,0.41995021337126603
2024-02-18,11576.74,4514.17,7,0.3899344720534451
2024-02-19,15621.41,5945.4,8,0.3805930450580325
2024-02-20,14852.17,5851.969999999999,11,0.39401447734573464
2024-02-21,12049.9,4709.0199999999995,8,0.39079328459157336
2024-02-22,10811.91,4128.14,6,0.38181412904842904
2024-02-23,19827.52,7672.15,10,0.3869445094494924
2024-02-24,16147.98,6204.259999999999,8,0.38421276221545975
2024-02-25,18267.12,6795.92,10,0.37203018319253395
2024-02-26,11253.4,4107.7300000000005,6,0.36502123802584113
2024-02-27,10830.78,4210.8099999999995,8,0.3887817867226552
2024-02-28,15628.09,6122.78,6,0.39178044149988894
2024-02-29,22552.36,8958.43,10,0.39722805063416866
2024-03-01,7023.63,2598.94,4,0.3700280339368674
2024-03-02,18738.4,7527.09,7,0.4016933142637578
2024-03-03,21286.73,8012.869999999999,10,0.3764255947249765
2024-03-04,6426.3099999999995,2688.47,6,0.41835361194838094
2024-03-05,7235.72,2774.63,3,0.38346287584373084
2024-03-06,13882.87,5529.97,6,0.39833046048835724
2024-03-07,16663.99,6924.93,7,0.4155625393438186
2024-03-08,19211.66,7592.6,7,0.39520791019620377
2024-03-09,19708.26,7732.4,12,0.3923431089299614
2024-03-10,21361.829999999998,8200.019999999999,11,0.3838631802612416
2024-03-11,33272.43,12993.57,13,0.3905206202252135
2024-03-12,9013.99,3471.2,3,0.3850902874309823
2024-03-13,20185.37,7787.5,11,0.3857992199300781
2024-03-14,2082.75,959.02,1,0.4604585283879486
2024-03-15,19205.489999999998,7315.749999999999,7,0.3809197265990089
2024-03-16,5547.58,2224.4800000000005,3,0.4009820498307371
2024-03-17,18417.02,6779.91,7,0.3681328466820365
2024-03-18,21025.7,8407.64,10,0.39987443937657247
2024-03-19,10388.85,4123.8,4,0.3969448013976523
2024-03-20,13098.93,4895.54,6,0.3737358700290787
2024-03-21,8929.26,3447.3599999999997,7,0.38607454593101775
2024-03-22,25392.5,9670.64,9,0.3808463128876637
2024-03-23,9798.0,3970.1400000000003,8,0.4051990202082058
2024-03-24,6027.69,2014.73,4,0.3342457890170198
2024-03-25,20066.01,7490.490000000001,10,0.37329244827447017
2024-03-26,13829.25,5252.77,6,0.379830431874469
2024-03-27,16236.27,6070.46,5,0.37388267132783576
2024-03-28,7331.88,2870.29,3,0.3914807661882082
2024-03-29,20368.46,8114.5,10,0.39838554313875474
2024-03-30,6837.25,2670.68,5,0.3906073348202859
2024-03-31,15189.74,6097.62,6,0.4014301758950449
2024-04-01,13424.81,5273.049999999999,6,0.39278395746383
2024-04-02,39843.84,14507.19,18,0.3641012010890517
2024-04-03,11400.92,4473.29,6,0.3923621953316048
2024-04-04,19017.989999999998,7491.22,8,0.3939017740570902
2024-04-05,9823.97,3650.6000000000004,6,0.3716012976423992
2024-04-06,15257.99,6254.15,9,0.4098934394373046
2024-04-07,25431.29,10007.15,10,0.3934975378755855
2024-04-08,11420.96,4214.9,7,0.36904953699163645
2024-04-09,12794.86,5362.71,7,0.41913002565092544
2024-04-10,6578.150000000001,2484.79,6,0.37773386134399484
2024-04-11,15091.69,5703.27,7,0.3779079745210775
2024-04-12,18397.25,7074.55,10,0.38454388563508135
2024-04-13,5926.01,2433.1000000000004,4,0.410579799899089
2024-04-14,7473.11,2736.6700000000005,5,0.36620229061260984
2024-04-15,6812.8,2791.1099999999997,6,0.4096861789572569
2024-04-16,17275.88,6614.72,7,0.38288758662366257
2024-04-17,16351.18,5978.970000000001,5,0.36565984840237836
2024-04-18,10223.7,3801.87,6,0.3718683059948942
2024-04-19,18362.49,7076.11,8,0.38535677895535947
2024-04-20,10348.6,4181.9,5,0.4041029704501091
2024-04-21,4838.59,1915.2599999999998,2,0.39583019020003757
2024-04-22,11600.83,4341.679999999999,6,0.37425597996005455
2024-04-23,19259.02,7995.14,8,0.4151374265149525
2024-04-24,2435.69,978.5300000000001,4,0.40174652767798863
2024-04-25,12171.04,4845.75,7,0.3981377104996779
2024-04-26,7048.9800000000005,2808.64,3,0.39844630003206133
2024-04-27,20168.13,7771.9400000000005,11,0.3853574922414721
2024-04-28,6087.24,2312.5699999999997,3,0.37990452158942306
2024-04-29,14435.72,5711.03,5,0.39561795324375926
2024-04-30,12019.97,4517.32,6,0.3758179096952821
2024-05-01,16555.2,6531.35,8,0.39451954672852035
2024-05-02,16542.04,5829.99,6,0.3524347662077954
2024-05-03,15935.710000000001,5635.780000000001,5,0.3536572891951473
2024-05-04,14836.38,6106.9,10,0.41161658032485016
2024-05-05,12963.01,4776.27,6,0.3684537773248652
2024-05-06,12503.18,4950.29,9,0.39592247732176933
2024-05-07,11710.880000000001,4612.35,5,0.39385170029920896
2024-05-08,10123.07,3965.23,8,0.39170231955325807
2024-05-09,7755.18,2774.4399999999996,4,0.35775314048158774
2024-05-10,11113.779999999999,4352.59,7,0.3916390283054011
2024-05-11,10504.38,4296.42,7,0.40901224060820346
2024-05-12,2616.57,914.8199999999999,3,0.3496256549605017
2024-05-13,7387.04,2665.58,5,0.3608454807338257
2024-05-14,7100.01,2777.4500000000003,3,0.3911895898738171
2024-05-15,21075.48,8017.32,12,0.38040984119934634
2024-05-16,28778.28,11552.33,12,0.40142531103318196
2024-05-17,16904.04,6762.97,7,0.40008009919522197
2024-05-18,11043.26,4185.16,5,0.3789786711532645
2024-05-19,9409.4,3710.93,7,0.3943854018322103
2024-05-20,15715.5,6326.75,7,0.4025802551621011
2024-05-21,17702.35,6682.780000000001,10,0.3775080709623299
2024-05-22,18379.8,7210.94,8,0.39232962273800587
2024-05-23,8518.93,3168.65,4,0.3719539895268537
2024-05-24,10045.46,3718.02,6,0.37011943703921973
2024-05-25,7690.08,2745.21,4,0.3569806816053929
2024-05-26,14367.78,5553.4,10,0.38651761093223863
2024-05-27,9413.529999999999,3611.6299999999997,5,0.3836637265722848
2024-05-28,16933.26,6583.05,8,0.3887644789012866
2024-05-29,15057.46,5437.8,8,0.3611366060411252
2024-05-30,11785.53,4441.05,6,0.37682225576618106
2024-05-31,6853.4,2532.9200000000005,5,0.3695858989698545
2024-06-01,8527.460000000001,3219.8700000000003,3,0.37758840264275645
2024-06-02,14872.22,5548.54,8,0.37308081779317415
2024-06-03,23272.37,8305.04,9,0.35686266589951954
2024-06-04,9555.3,3530.5699999999997,4,0.36948813747344406
2024-06-05,15897.69,6086.71,10,0.38286757384248904
2024-06-06,14362.82,5533.0,7,0.3852307555201555
2024-06-07,16441.35,6331.74,6,0.3851107117116295
2024-06-08,13546.03,5075.9800000000005,9,0.3747208591742378
2024-06-09,8443.21,3687.46,5,0.4367367387522045
2024-06-10,10538.49,3954.6800000000003,6,0.3752605923619039
2024-06-11,14569.8,5660.28,6,0.3884940081538525
2024-06-12,6135.27,2468.9,5,0.40241097783797614
2024-06-13,10607.79,4073.9200000000005,6,0.38404983507403523
2024-06-14,23072.66,9060.76,9,0.39270547912551046
2024-06-15,7815.82,2952.77,7,0.3777940126563816
2024-06-16,14911.47,5019.610000000001,7,0.3366274418283376
2024-06-17,18823.06,7360.62,10,0.3910426891270601
2024-06-18,21859.170000000002,8380.07,10,0.38336634007604126
2024-06-19,24639.61,9583.17,9,0.38893350990539216
2024-06-20,14972.24,5384.97,8,0.3596636174680609
2024-06-21,17776.02,7014.03,10,0.3945782014196653
2024-06-22,8922.06,3496.13,5,0.3918523300672715
2024-06-23,15350.86,5472.83,11,0.35651618215526687
2024-06-24,12860.74,5145.12,7,0.4000640709632572
2024-06-25,8581.51,3123.52,5,0.3639825625093952
2024-06-26,10394.550000000001,4122.54,7,0.3966059136759167
2024-06-27,21801.829999999998,8256.710000000001,12,0.37871637380898765
2024-06-28,19063.64,7356.08,10,0.3858696450415556
2024-06-29,17003.22,6810.860000000001,7,0.400562952193761
2024-06-30,3165.38,1201.1399999999999,3,0.37946154964016954
2024-07-01,11500.55,4585.74,6,0.3987409297816191
2024-07-02,6635.71,2665.9800000000005,4,0.401762584561411
2024-07-03,19496.47,7396.0,10,0.3793507234899446
2024-07-04,7946.46,2967.95,5,0.3734933542734752
2024-07-05,16801.31,6488.92,9,0.3862151225112803
2024-07-06,13235.25,4740.57,8,0.35817759392531306
2024-07-07,3514.24,1368.6399999999996,4,0.3894554725915133
2024-07-08,18723.05,7412.55,9,0.3959050475216378
2024-07-09,22355.91,8526.0,12,0.3813756630796957
2024-07-10,15035.58,5477.530000000001,7,0.3643045363065476
2024-07-11,19186.79,7044.99,8,0.36717918943189554
2024-07-12,16555.31,5883.89,8,0.3554080231659812
2024-07-13,10646.48,3918.6600000000003,5,0.36807094927149636
2024-07-14,16762.52,7010.37,9,0.4182169506732878
2024-07-15,16660.57,6217.910000000001,10,0.3732111206279258
2024-07-16,13364.05,4699.68,7,0.35166584979852666
2024-07-17,13645.6,5473.98,9,0.4011534853725743
2024-07-18,4196.47,1490.6100000000004,3,0.3552056847779205
2024-07-19,6561.93,2644.88,5,0.4030643423504975
2024-07-20,12107.26,5452.48,7,0.45034797303436114
2024-07-21,27519.03,9915.28,11,0.36030630440099093
2024-07-22,11096.31,4220.09,6,0.38031471723482857
2024-07-23,12591.69,4739.62,7,0.3764085678729384
2024-07-24,16054.02,6193.849999999999,9,0.3858130237784679
2024-07-25,10444.29,3740.52,7,0.35814018951982374
2024-07-26,6499.1,2559.83,7,0.393874536474281
2024-07-27,20259.93,7656.6,10,0.37791838372590625
2024-07-28,12517.64,4901.65,4,0.39157940314628
2024-07-29,14319.2,5062.96,7,0.353578412201799
2024-07-30,12959.11,4915.68,10,0.37932234543884574
2024-07-31,19381.28,7275.74,10,0.3754003863521914
2024-08-01,16596.91,6471.27,8,0.38990812145152326
2024-08-02,15664.64,6211.259999999999,8,0.3965146980715803
2024-08-03,5182.59,1806.9399999999998,4,0.3486557879361477
2024-08-04,9589.7,3461.7599999999998,6,0.36098730930060374
2024-08-05,25698.31,9667.83,10,0.37620489440745325
2024-08-06,8906.58,3420.2400000000002,4,0.38401271868663395
2024-08-07,23761.86,8910.8,8,0.37500431363538034
2024-08-08,19682.62,7715.94,10,0.3920179325719848
2024-08-09,12026.52,4788.05,5,0.39812431193728526
2024-08-10,16670.99,6159.69,6,0.369485555446917
2024-08-11,6322.26,2468.57,5,0.3904568935791948
2024-08-12,20285.079999999998,7548.31,9,0.37211142376564454
2024-08-13,4077.37,1485.1,3,0.3642298834788111
2024-08-14,20246.39,7707.07,10,0.380663910949063
2024-08-15,19190.53,7536.5199999999995,10,0.3927207846786931
2024-08-16,13318.02,5020.52,8,0.3769719522872019
2024-08-17,9874.3,3700.1499999999996,6,0.37472529698307727
2024-08-18,19527.96,7718.12,11,0.3952343204308079
2024-08-19,7947.72,3137.17,2,0.39472578299185174
2024-08-20,24280.31,9295.7,11,0.3828493128794484
2024-08-21,8903.15,3702.2299999999996,4,0.415833721772631
2024-08-22,10980.35,4282.46,4,0.3900112473646104
2024-08-23,17589.09,6910.41,7,0.3928804730659744
2024-08-24,23639.82,9919.35,10,0.41960344875722405
2024-08-25,18502.420000000002,6698.240000000001,11,0.3620196709403419
2024-08-26,14309.3,5014.96,7,0.35046857638039597
2024-08-27,9825.75,3781.58,7,0.3848642597257207
2024-08-28,22348.41,8577.11,11,0.3837906141868706
2024-08-29,12835.63,4945.740000000001,7,0.3853133815792447
2024-08-30,17253.34,6771.599999999999,9,0.3924805284078329
2024-08-31,13283.43,5114.38,7,0.3850195318528422
2024-09-01,9786.55,3588.12,5,0.366637885669618
2024-09-02,14737.92,5618.87,8,0.38125257838283827
2024-09-03,2115.79,670.9399999999998,2,0.31711086639033165
2024-09-04,20775.73,7960.09,13,0.3831436969964473
2024-09-05,8396.11,3163.37,7,0.3767661452744187
2024-09-06,3332.24,1271.6599999999999,4,0.3816231724005474
2024-09-07,17330.62,6630.46,9,0.38258642795237563
2024-09-08,15257.29,6238.62,9,0.4088943711497913
2024-09-09,18559.190000000002,7453.18,9,0.40158972455155634
2024-09-10,14434.119999999999,5208.98,7,0.36087963796892364
2024-09-11,18469.27,7033.53,11,0.3808233893380734
2024-09-12,16350.68,6346.670000000001,8,0.3881593915360096
2024-09-13,9629.51,3960.03,4,0.41123899346903425
2024-09-14,6194.57,2291.0,5,0.36984003732301035
2024-09-15,13055.6,4761.15,8,0.36468258831459294
2024-09-16,10463.9,3695.2599999999998,7,0.3531436653637745
2024-09-17,18911.52,6977.22,9,0.3689402015279576
2024-09-18,9457.82,3832.82,6,0.40525406489021787
2024-09-19,6813.4,2409.3799999999997,5,0.3536237414506707
2024-09-20,10429.779999999999,4322.21,8,0.4144104669513643
2024-09-21,9188.53,3655.6600000000003,6,0.3978503634422481
2024-09-22,14736.07,5683.17,6,0.38566388460423984
2024-09-23,15894.05,5948.969999999999,8,0.3742891207716095
2024-09-24,4654.43,1821.72,5,0.3913948646773074
2024-09-25,16396.93,6025.54,10,0.36747976602937255
2024-09-26,8543.54,3000.56,2,0.35120804724973487
2024-09-27,12541.94,4823.39,6,0.38458085431759365
2024-09-28,17097.96,6782.879999999999,9,0.39670697556901524
2024-09-29,7407.61,2767.81,5,0.3736441308330217
2024-09-30,16354.21,6244.61,8,0.3818350137365241
2024-10-01,13683.36,5531.84,9,0.4042749733983466
2024-10-02,11219.08,3943.01,6,0.35145573433828803
2024-10-03,17505.58,6792.580000000001,9,0.38802370444166945
2024-10-04,17745.31,6927.280000000001,10,0.39037244207060906
2024-10-05,16566.62,6533.17,10,0.39435744889422225
2024-10-06,8552.29,3198.1499999999996,7,0.3739524735480204
2024-10-07,5491.84,1906.7399999999998,4,0.3471951112923901
2024-10-08,12872.38,4565.69,6,0.354688876493702
2024-10-09,14089.15,5558.37,5,0.39451421838790846
2024-10-10,16273.73,6104.599999999999,8,0.37511990182951294
2024-10-11,1577.19,648.5699999999999,2,0.4112186863979609
2024-10-12,26007.89,10216.46,11,0.3928215629949219
2024-10-13,22115.28,8286.68,11,0.37470382468591856
2024-10-14,11762.22,4535.29,9,0.38558112329135147
2024-10-15,536.48,248.79000000000002,1,0.46374515359379664
2024-10-16,14472.19,5678.06,7,0.39234283131993153
2024-10-17,10038.77,3681.3,6,0.36670827202934225
2024-10-18,9736.46,4021.96,4,0.41308237285419963
2024-10-19,12107.66,5006.59,9,0.41350599537813254
2024-10-20,6973.19,2464.41,4,0.35341213992448217
2024-10-21,6163.13,2316.3199999999997,5,0.37583500591420266
2024-10-22,6679.72,2585.92,4,0.38712999946105525
2024-10-23,17331.42,7146.669999999999,6,0.41235340208707655
2024-10-24,7520.84,2622.6,8,0.34871104823397386
2024-10-25,4995.09,2000.73,5,0.4005393296216885
2024-10-26,15184.42,5600.94,9,0.3688609772385116
2024-10-27,8180.3,3068.51,5,0.3751097148026356
2024-10-28,13789.779999999999,5538.25,7,0.4016198953137759
2024-10-29,7884.1,3368.42,3,0.42724217095166217
2024-10-30,3125.42,1052.31,3,0.336693948333344
2024-10-31,11698.98,4515.24,6,0.38595159578014493
2024-11-01,24667.94,9856.73,11,0.39957653537344423
2024-11-02,16881.05,6660.879999999999,9,0.3945773515273043
2024-11-03,10581.9,3978.25,5,0.3759485536623858
2024-11-04,9298.25,3560.08,4,0.382876347699836
2024-11-05,14232.98,5583.83,5,0.392316296376444
2024-11-06,15570.26,6098.53,7,0.3916781094214226
2024-11-07,4455.35,1669.3899999999999,2,0.37469334620175737
2024-11-08,18256.03,6986.15,10,0.38267629928303143
2024-11-09,7987.73,3009.44,4,0.37675785235605114
2024-11-10,15022.279999999999,5964.499999999999,7,0.39704359125245964
2024-11-11,9548.47,3431.3699999999994,5,0.3593633325548491
2024-11-12,6732.13,2587.0,7,0.38427659596591274
2024-11-13,2334.06,993.4799999999998,1,0.4256445849721086
2024-11-14,24113.78,8884.67,10,0.36844783356238636
2024-11-15,11937.99,4498.2300000000005,6,0.37679961199498413
2024-11-16,9313.21,3688.0699999999997,6,0.39600417042029545
2024-11-17,10986.49,4261.73,7,0.3879064196117231
2024-11-18,18280.05,6905.26,11,0.377748419725329
2024-11-19,15138.1,5960.87,5,0.39376606046994006
2024-11-20,15771.3,6131.040000000001,7,0.3887466473911473
2024-11-21,9685.75,3724.31,6,0.3845143638850889
2024-11-22,8937.119999999999,3501.2,6,0.39175931396243985
2024-11-23,11019.68,4108.57,5,0.37283932019804567
2024-11-24,11869.01,4294.83,7,0.3618524207157968
2024-11-25,7859.18,3019.7400000000002,5,0.38423092485475585
2024-11-26,4096.22,1702.2199999999998,3,0.4155587346382762
2024-11-27,17793.66,7062.749999999999,9,0.3969250845525878
2024-11-28,13328.83,5090.62,10,0.38192549533604975
2024-11-29,22328.96,8558.51,9,0.3832919222391012
2024-11-30,17438.07,6674.41,12,0.38274935242260183
2024-12-01,9921.1,4073.71,6,0.4106107185695134
2024-12-02,13649.98,4926.18,11,0.3608928364730205
2024-12-03,15945.05,6162.36,8,0.38647479938915213
2024-12-04,13538.71,4945.59,7,0.3652925574149975
2024-12-05,15663.78,6441.07,6,0.41120789490148607
2024-12-06,4297.06,1785.48,2,0.41551200122874704
2024-12-07,18022.63,7279.5,11,0.40390886346776245
2024-12-08,11501.33,4874.41,8,0.42381272426754124
2024-12-09,19715.58,8152.51,7,0.41350596837627906
2024-12-10,7696.82,3045.6,4,0.3956958847939799
2024-12-11,6569.32,2619.01,5,0.39867292200714843
2024-12-12,10468.69,4030.6900000000005,6,0.38502334102929786
2024-12-13,14861.18,5685.710000000001,7,0.38258805828339343
2024-12-14,19167.61,7138.7,11,0.37243558273566707
2024-12-15,11109.99,4511.41,7,0.40606787224830987
2024-12-16,11544.97,4368.8,6,0.3784158815484146
2024-12-17,9062.44,3446.65,7,0.3803225179973605
2024-12-18,4629.49,1807.39,3,0.39040801470572356
2024-12-19,10322.49,4133.69,9,0.40045473524314384
2024-12-20,31520.09,11959.970000000001,14,0.37943958916360965
2024-12-21,10065.82,3765.23,7,0.37406093095247084
2024-12-22,16851.98,6238.96,7,0.3702211846916505
2024-12-23,5401.16,2146.15,5,0.3973498285553474
2024-12-24,19055.35,7550.950000000001,8,0.39626404133222437
2024-12-25,8090.67,3007.94,7,0.371778851442464
2024-12-26,13147.25,4758.43,6,0.3619334841887087
2024-12-27,9822.49,4265.77,4,0.4342860109809224
2024-12-28,13909.38,5669.31,7,0.40758897952317075
2024-12-29,1642.5,612.1,1,0.37266362252663626
2024-12-30,17735.14,6611.03,9,0.37276446647728745
2024-12-31,24332.54,9708.230000000001,9,0.39898136404995127
2025-01-01,24670.95,8795.63,9,0.35651768578023946
2025-01-02,14674.94,5619.8099999999995,8,0.38295284341878055
2025-01-03,19698.67,7110.34,8,0.36095533353267
2025-01-04,16520.37,6024.639999999999,8,0.36467948357088853
2025-01-05,3433.59,1315.5700000000002,3,0.3831470851208211
2025-01-06,12814.27,4755.22,8,0.37108785752134144
2025-01-07,23737.22,9344.130000000001,8,0.39364887716421726
2025-01-08,13835.47,5312.38,8,0.3839681629897647
2025-01-09,19595.82,7284.28,10,0.3717262150805631
2025-01-10,20322.63,7424.74,7,0.3653434619436559
2025-01-11,27382.35,10174.84,14,0.37158388523994473
2025-01-12,9423.03,3766.9600000000005,7,0.3997610110548306
2025-01-13,20680.39,8008.609999999999,11,0.3872562364636256
2025-01-14,17488.22,6487.95,7,0.3709897290862077
2025-01-15,15072.08,5655.51,8,0.3752308904942118
2025-01-16,18755.34,6853.660000000001,9,0.36542446044699806
2025-01-17,24437.079999999998,9490.13,11,0.38834959004922026
2025-01-18,11875.15,4631.0,7,0.3899740213807826
2025-01-19,12220.62,4910.89,6,0.40185277015405113
2025-01-20,17337.16,6535.67,8,0.37697466020963066
2025-01-21,13113.9,5196.12,9,0.39622995447578524
2025-01-22,8748.28,3449.62,7,0.39431979772023756
2025-01-23,12145.050000000001,4913.7300000000005,8,0.4045870539849568
2025-01-24,17804.12,6669.55,11,0.3746071134097052
2025-01-25,15026.619999999999,5891.93,7,0.3920994874429513
2025-01-26,8775.77,3748.7200000000003,6,0.42716707479799493
2025-01-27,16883.45,6733.82,10,0.3988414690125537
2025-01-28,15166.07,5712.39,8,0.37665591679321014
2025-01-29,7351.679999999999,3002.9199999999996,6,0.40846718029076345
2025-01-30,10930.64,4064.25,9,0.371821778047763
2025-01-31,10847.01,4350.2300000000005,5,0.4010533778432951
2025-02-01,5469.38,1912.8,4,0.3497288540931513
2025-02-02,1713.53,576.0799999999999,2,0.3361948725729926
2025-02-03,8725.85,3339.96,6,0.38276614885655835
2025-02-04,10887.46,4238.9,8,0.3893378253513675
2025-02-05,18138.46,7114.43,8,0.3922289984927056
2025-02-06,12352.66,4505.24,6,0.36471820644298475
2025-02-07,17340.76,6811.05,6,0.39277690251177
2025-02-08,22024.62,8339.18,10,0.37862991506777416
2025-02-09,7664.0,2990.38,4,0.3901852818371608
2025-02-10,1095.48,434.91,2,0.3970040530178552
2025-02-11,11068.09,3924.63,5,0.3545896356101188
2025-02-12,13847.779999999999,5621.92,7,0.40597987547462483
2025-02-13,13733.91,4887.1900000000005,9,0.3558484073362939
2025-02-14,12003.66,4764.97,6,0.3969597606063484
2025-02-15,12682.25,4981.57,7,0.39279859646356124
2025-02-16,7281.8,2775.5200000000004,7,0.38115850476530533
2025-02-17,18079.9,7008.13,9,0.3876199536501861
2025-02-18,5294.48,1967.94,3,0.3716965594354876
2025-02-19,10818.949999999999,4270.28,5,0.39470373742368714
2025-02-20,20252.07,8287.289999999999,12,0.40920705883398584
2025-02-21,17583.99,6701.990000000001,10,0.38114159528070707
2025-02-22,12552.94,4958.1900000000005,9,0.39498237066376485
2025-02-23,17346.47,6625.01,10,0.38192266207476216
2025-02-24,11964.810000000001,4730.14,6,0.395337661024287
2025-02-25,3239.73,1194.6100000000001,2,0.36873751824997764
2025-02-26,16130.75,6571.009999999999,8,0.40735923624134024
2025-02-27,13723.15,5673.39,7,0.4134174733934993
2025-02-28,15889.6,6095.0599999999995,7,0.3835880072500251
2025-03-01,14853.89,4866.400000000001,9,0.32761788326155644
2025-03-02,23095.73,8990.26,8,0.38926069883913605
2025-03-03,5076.99,2138.73,4,0.42125944703456186
2025-03-04,10512.710000000001,3757.5800000000004,5,0.3574320988593807
2025-03-05,5602.67,2043.3599999999997,4,0.3647118248977719
2025-03-06,17439.69,6634.84,10,0.38044483588871136
2025-03-07,14723.64,5551.710000000001,6,0.37706097133589256
2025-03-08,5189.57,2148.89,4,0.41407862308437887
2025-03-09,8783.56,3263.21,7,0.3715133727099263
2025-03-10,8053.77,3050.45,5,0.37876050594938765
2025-03-11,14744.81,6023.209999999999,9,0.4084969558780343
2025-03-12,9978.14,3808.87,5,0.381721443074561
2025-03-13,12298.65,4593.96,6,0.3735336805259114
2025-03-14,3778.83,1438.6799999999998,4,0.3807210168226673
2025-03-15,16229.15,6102.96,8,0.37604926937023814
2025-03-16,12897.26,5165.37,6,0.4005013467976919
2025-03-17,15626.19,5991.91,10,0.3834530362167617
2025-03-18,4437.7699999999995,1710.78,4,0.38550443127967426
2025-03-19,15173.17,5629.66,7,0.3710272803903205
2025-03-20,9141.22,3307.01,6,0.36176899801120643
2025-03-21,24510.18,9973.54,11,0.40691418830869464
2025-03-22,13774.26,5588.93,8,0.40575174274334885
2025-03-23,14092.83,5648.89,7,0.4008343249723441
2025-03-24,18233.78,6906.139999999999,9,0.37875525535571886
2025-03-25,21979.0,8118.16,12,0.3693598434869648
2025-03-26,31275.03,13069.449999999999,12,0.41788768867687737
2025-03-27,7952.25,2937.96,7,0.369450155616335
2025-03-28,10028.23,3830.59,6,0.38198066857261953
2025-03-29,13082.81,4769.080000000001,6,0.364530249999809
2025-03-30,15243.07,6086.4400000000005,9,0.3992922685522011
2025-03-31,12469.38,4680.09,7,0.37532660003945667
2025-04-01,8384.72,3101.94,5,0.3699515308799817
2025-04-02,18352.86,7158.55,10,0.39005092394318924
2025-04-03,11577.21,4322.719999999999,6,0.3733818424300846
2025-04-04,20205.25,8403.4,10,0.41590180769849416
2025-04-05,13120.43,5237.169999999999,8,0.399161460409453
2025-04-06,10547.65,3927.6899999999996,7,0.37237583727180934
2025-04-07,6016.11,2133.43,5,0.35461951327352725
2025-04-08,5613.1,2125.22,4,0.3786178760399779
2025-04-09,21576.27,7529.94,8,0.34899173953607365
2025-04-10,19965.48,7897.75,8,0.3955702542588508
2025-04-11,6619.84,2747.22,5,0.4149979455696814
2025-04-12,2781.36,993.5799999999999,1,0.3572281186182299
2025-04-13,18122.53,7621.62,6,0.42056048465639184
2025-04-14,10999.65,4298.48,10,0.39078334310637153
2025-04-15,6575.8,2351.8,2,0.35764469722315156
2025-04-16,3493.57,1267.0600000000002,3,0.36268344415597803
2025-04-17,4886.02,1588.2800000000002,3,0.32506620930737085
2025-04-18,19077.62,7129.740000000001,10,0.37372271803296225
2025-04-19,22021.34,9184.96,12,0.41709360102518733
2025-04-20,10071.76,4039.1000000000004,9,0.4010321929831529
2025-04-21,6883.9400000000005,2719.4100000000003,4,0.39503685389471727
2025-04-22,7197.92,2753.4900000000002,5,0.38253967812923734
2025-04-23,15551.23,5977.4800000000005,7,0.384373454704226
2025-04-24,4394.83,1852.3199999999997,3,0.42147705371993904
2025-04-25,22520.24,8737.01,11,0.38796256167785065
2025-04-26,11416.23,4745.86,7,0.41571166663600856
2025-04-27,29071.36,11460.74,13,0.3942278586209933
2025-04-28,21366.61,8052.17,8,0.3768576297316233
2025-04-29,2633.1,800.09,2,0.30385856974668646
2025-04-30,14477.58,5999.889999999999,6,0.4144263060539123
2025-05-01,4821.45,1727.5900000000001,4,0.3583133704590943
2025-05-02,9065.28,3535.16,5,0.38996699495216913
2025-05-03,6697.9400000000005,2813.11,3,0.4199962973690418
2025-05-04,18687.49,6472.93,10,0.346377710436233
2025-05-05,17899.85,6634.77,7,0.37066064799425696
2025-05-06,16958.22,6464.32,9,0.38119095046532003
2025-05-07,21304.93,8108.889999999999,9,0.38061096656970944
2025-05-08,15014.83,5979.12,7,0.39821429879658976
2025-05-09,10039.15,3730.44,7,0.3715892281717078
2025-05-10,17359.39,6621.66,8,0.38144543097424505
2025-05-11,13592.49,4980.73,9,0.3664324932370743
2025-05-12,3646.83,1223.3200000000002,3,0.335447498238196
2025-05-13,25101.29,8968.220000000001,10,0.35728123933072764
2025-05-14,13511.630000000001,5510.02,6,0.4077983189296924
2025-05-15,12765.27,4720.139999999999,5,0.3697642118028055
2025-05-16,7611.91,2922.5299999999997,4,0.3839417439249807
2025-05-17,17788.76,7102.03,7,0.39924255541139464
2025-05-18,2888.87,1039.56,3,0.35985004517337227
2025-05-19,7801.13,3363.13,4,0.43110805742245034
2025-05-20,23529.66,8924.45,7,0.37928512354194666
2025-05-21,12785.42,5168.56,6,0.4042542208234067
2025-05-22,21043.28,8529.99,10,0.40535458350599335
2025-05-23,7788.85,2900.4300000000003,4,0.372382315746227
2025-05-24,12616.82,4657.22,6,0.36912787849870254
2025-05-25,8814.14,3297.96,5,0.37416696353813306
2025-05-26,14811.39,5706.2699999999995,7,0.3852622880094306
2025-05-27,2679.38,965.9899999999999,2,0.36052743545148497
2025-05-28,15784.55,5714.18,8,0.36201095374907744
2025-05-29,14790.39,5447.5599999999995,7,0.36831753591352223
2025-05-30,13175.28,5082.629999999999,8,0.3857701695903236
2025-05-31,10769.94,4392.11,8,0.4078119283858591
2025-06-01,11578.34,4846.06,10,0.4185453182407841
2025-06-02,6295.87,2279.99,6,0.36214057787088993
2025-06-03,15987.300000000001,6280.740000000001,6,0.39285808110187465
2025-06-04,17807.33,6451.1,8,0.3622721654509688
2025-06-05,11107.2,4400.07,8,0.39614574330164215
2025-06-06,12455.28,4484.16,8,0.36002081045147116
2025-06-07,9272.53,3114.59,5,0.33589430284938415
2025-06-08,12181.57,4392.26,7,0.36056600257602267
2025-06-09,20909.329999999998,7882.709999999999,12,0.3769948630587398
2025-06-10,14066.5,5640.6,6,0.40099527245583483
2025-06-11,8474.83,3384.34,4,0.3993401637554972
2025-06-12,11590.94,4506.17,7,0.3887665711322809
2025-06-13,10285.91,3551.25,6,0.3452538472531842
2025-06-14,4340.22,1600.73,2,0.368813101640009
2025-06-15,13127.77,5015.93,9,0.3820854570121201
2025-06-16,17121.76,6351.75,5,0.37097529693209114
2025-06-17,16133.4,5853.660000000001,8,0.362828665997248
2025-06-18,16402.25,5535.650000000001,7,0.33749333170754015
2025-06-19,13112.57,5045.03,7,0.384747612405501
2025-06-20,16350.980000000001,6628.51,7,0.40538915710251006
2025-06-21,9878.0,3455.49,10,0.3498167645272322
2025-06-22,12567.82,4919.71,8,0.3914529329668948
2025-06-23,7258.219999999999,2723.77,8,0.3752669387260238
2025-06-24,2604.7599999999998,910.3199999999999,2,0.3494832537354689
2025-06-25,18645.38,6839.89,11,0.366841008335577
2025-06-26,16504.37,6519.83,8,0.39503658727961144
2025-06-27,5440.57,2147.54,2,0.39472702308765445
2025-06-28,6323.88,2604.42,3,0.4118389343251295
2025-06-29,6349.88,2518.27,4,0.39658544728404316
2025-06-30,13469.3,5476.679999999999,10,0.40660464909089555
2025-07-01,9594.35,3558.17,6,0.370860975469938
2025-07-02,15213.44,5634.28,7,0.3703488494383913
2025-07-03,10564.77,4058.1,6,0.3841162656640892
2025-07-04,9829.31,3584.06,5,0.36462986720329305
2025-07-05,8525.98,3395.42,5,0.39824395553355746
2025-07-06,2978.09,1031.26,3,0.3462823487537314
2025-07-07,9511.57,3378.44,5,0.355192675867391
2025-07-08,10612.460000000001,4068.8300000000004,5,0.38340120952163775
2025-07-09,8941.74,3698.81,7,0.4136566261152751
2025-07-10,5345.46,1820.72,4,0.3406105367919693
2025-07-11,10150.37,3987.38,7,0.392831000249252
2025-07-12,5991.02,2325.6699999999996,5,0.38819266168365313
2025-07-13,4107.25,1417.13,4,0.34503134700833893
2025-07-14,14857.529999999999,5731.41,6,0.3857579288078167
2025-07-15,16214.92,6271.4,10,0.38676724892876435
2025-07-16,17622.42,6618.5599999999995,8,0.37557611270188773
2025-07-17,7673.85,3048.7800000000007,3,0.39729470865341393
2025-07-18,22701.73,8442.92,9,0.37190645823027585
2025-07-19,16608.02,6804.97,8,0.40973999308767695
2025-07-20,19154.4,7468.34,6,0.3899020590569268
2025-07-21,14794.22,5351.860000000001,9,0.3617534415467663
2025-07-22,6152.64,2284.7,3,0.37133653196026417
2025-07-23,21161.489999999998,7960.049999999999,12,0.37615734997866407
2025-07-24,12793.79,5123.87,6,0.4004966472014938
2025-07-25,16795.46,6829.75,7,0.4066426284245862
2025-07-26,7990.17,2927.1000000000004,5,0.36633763737192077
2025-07-27,16543.56,6260.21,8,0.3784076704167664
2025-07-28,5873.92,2158.16,1,0.3674139246023098
2025-07-29,16179.49,6486.780000000001,6,0.4009261107735782
2025-07-30,16119.28,5979.1,9,0.37092847819505587
2025-07-31,10994.5,4453.3,4,0.4050479785347219
2025-08-01,16981.08,6876.86,8,0.4049718863582292
2025-08-02,16703.19,7075.389999999999,7,0.423595133624176
2025-08-03,7304.93,2809.1400000000003,4,0.38455399298829696
2025-08-04,10671.45,3878.3100000000004,6,0.3634285874927962
2025-08-05,9421.04,3630.69,7,0.38538101950527753
2025-08-06,1719.12,589.99,3,0.3431930289915771
2025-08-07,9864.560000000001,3812.1600000000008,4,0.38645007988192076
2025-08-08,11850.71,4680.12,6,0.3949231733794853
2025-08-09,16184.05,6278.8,7,0.38796222206431646
2025-08-10,11837.289999999999,4431.58,7,0.3743745401185576
2025-08-11,18559.62,6953.68,8,0.3746671537456047
2025-08-12,16063.36,6216.38,6,0.38699126459221483
2025-08-13,11979.63,4501.2,7,0.3757378149408621
2025-08-14,20196.96,7984.900000000001,10,0.39535157766317314
2025-08-15,20652.77,8186.629999999999,8,0.39639380092839843
2025-08-16,20972.23,7820.950000000001,8,0.37291933189746634
2025-08-17,4552.69,1628.28,4,0.35765228908623253
2025-08-18,11399.17,4445.48,6,0.3899827794479773
2025-08-19,5739.139999999999,2451.47,3,0.4271493638419694
2025-08-20,9618.06,3721.9799999999996,5,0.3869782471725067
2025-08-21,18821.13,7107.129999999999,11,0.3776144152874986
2025-08-22,13643.27,4857.75,8,0.3560546701780438
2025-08-23,15776.87,6433.29,9,0.4077671933659845
2025-08-24,10640.33,3665.66,7,0.3445062324194832
2025-08-25,14468.53,5428.47,10,0.3751915363896678
2025-08-26,15550.22,6069.55,8,0.390319236641025
2025-08-27,7330.28,2790.7599999999998,5,0.38071669840715494
2025-08-28,737.9300000000001,291.09000000000003,2,0.39446831000230376
2025-08-29,12767.34,5447.76,10,0.4266949889326986
2025-08-30,16252.38,6356.969999999999,9,0.391140866753054
2025-08-31,4248.05,1489.9599999999998,5,0.3507397511799531
2025-09-01,17112.9,6923.94,9,0.40460354469435333
2025-09-02,4630.879999999999,1812.37,3,0.3913662198113534
2025-09-03,9680.11,3824.45,5,0.3950833203341697
2025-09-04,12216.52,4648.46,7,0.3805060688313857
2025-09-05,14266.95,5512.86,4,0.3864077465751264
2025-09-06,5032.57,2089.75,5,0.4152450934611938
2025-09-07,9423.71,3558.7,7,0.37763258843916037
2025-09-08,11432.619999999999,4192.51,5,0.3667147163117466
2025-09-09,13126.79,5813.15,6,0.44284627087048695
2025-09-10,3506.41,1525.44,4,0.43504324936330896
2025-09-11,2274.47,971.4000000000001,5,0.42708850853165803
2025-09-12,27115.66,10885.07,12,0.4014311287278274
2025-09-13,12848.130000000001,5173.29,7,0.4026492571292476
2025-09-14,5809.28,2288.7799999999997,4,0.39398686239947117
2025-09-15,10371.4,3947.0800000000004,5,0.38057350020247993
2025-09-16,10277.02,3813.8700000000003,9,0.3711066048329185
2025-09-17,11917.71,4347.14,6,0.36476302913898734
2025-09-18,27353.36,11153.41,16,0.4077528318276073
2025-09-19,11234.37,4161.59,5,0.3704337670915236
2025-09-20,8028.11,3245.75,6,0.40429814738462727
2025-09-21,12272.93,4552.16,8,0.37091061384689716
2025-09-22,5643.14,2179.54,6,0.38622823463532713
2025-09-23,14121.68,5326.87,7,0.37721220138113876
2025-09-24,10291.18,4085.4000000000005,6,0.39698071552533337
2025-09-25,9237.119999999999,3644.5499999999997,5,0.3945547963001455
2025-09-26,19874.84,7686.900000000001,12,0.3867653777338585
2025-09-27,13154.77,4860.53,6,0.36948802601641834
2025-09-28,5114.26,1713.1499999999999,3,0.3349751479197381
2025-09-29,5322.59,1768.8000000000002,3,0.3323194159234508
2025-09-30,12195.7,4315.38,7,0.3538443877760194
2025-10-01,6847.05,2703.17,4,0.39479337817016086
2025-10-02,20525.57,7808.340000000001,10,0.3804201296236841
2025-10-03,10112.43,4153.75,4,0.41075686061609323
2025-10-04,15116.91,5689.2300000000005,7,0.3763487379365228
2025-10-05,13300.759999999998,5149.69,9,0.38717261269280856
2025-10-06,9349.3,3992.69,6,0.42705764067898133
2025-10-07,10891.869999999999,4172.71,7,0.3831031769567577
2025-10-08,19041.62,7310.58,8,0.3839263676094786
2025-10-09,10297.05,3930.6099999999997,6,0.381721949490388
2025-10-10,9073.5,3320.79,6,0.36598776657298726
2025-10-11,18611.45,7315.65,8,0.3930725440521829
2025-10-12,12082.86,4674.54,6,0.38687363753283577
2025-10-13,4266.93,1660.51,5,0.38915801290389107
2025-10-14,13287.29,5191.1900000000005,9,0.3906883946989943
2025-10-15,18296.89,7335.490000000001,8,0.40091458165841304
2025-10-16,8461.86,3180.25,4,0.3758334456017944
2025-10-17,21674.76,8252.449999999999,9,0.3807400866261033
2025-10-18,8133.34,3247.97,6,0.39934024644242094
2025-10-19,9522.779999999999,3672.21,5,0.38562373592585364
2025-10-20,9252.619999999999,3506.91,5,0.3790180511033632
2025-10-21,7086.85,2796.4799999999996,5,0.3946012685466744
2025-10-22,7644.36,3056.3300000000004,5,0.39981502702646143
2025-10-23,11997.369999999999,4732.29,6,0.39444394896548163
2025-10-24,12803.939999999999,5295.32,4,0.4135695731157753
2025-10-25,4086.7999999999997,1607.95,3,0.3934496427522757
2025-10-26,15164.18,6136.29,6,0.4046568953942778
2025-10-27,10849.92,3984.0899999999997,7,0.36719994248805515
2025-10-28,22414.0,8360.050000000001,13,0.3729834032301241
2025-10-29,23858.6,9030.710000000001,10,0.3785096359384038
2025-10-30,8274.630000000001,3479.38,5,0.420487683437205
2025-10-31,12133.98,4741.28,9,0.39074400979728
2025-11-01,11666.95,4331.639999999999,6,0.37127441190713933
2025-11-02,6315.0599999999995,2599.94,5,0.4117047185616606
2025-11-03,19644.43,8073.570000000001,10,0.41098520038504555
2025-11-04,9073.310000000001,3466.6000000000004,4,0.3820656408741683
2025-11-05,11355.539999999999,4299.969999999999,5,0.37866715277300766
2025-11-06,4591.57,1914.12,3,0.41687701592265825
2025-11-07,9109.8,3725.5199999999995,4,0.40895738655074754
2025-11-08,16423.34,6331.55,9,0.38552145909419155
2025-11-09,18716.3,6743.0199999999995,11,0.3602752680818324
2025-11-10,10046.89,3919.22,5,0.3900928546047583
2025-11-11,7356.78,2904.79,5,0.3948452991662113
2025-11-12,13226.939999999999,5279.66,7,0.39915959398016476
2025-11-13,21435.37,8372.42,9,0.39058901245931377
2025-11-14,19686.46,7865.95,11,0.3995614244511202
2025-11-15,9794.94,4030.52,9,0.41149001423183806
2025-11-16,15463.880000000001,6019.1900000000005,8,0.38924189789367225
2025-11-17,7990.89,3095.91,5,0.38742993583943713
2025-11-18,9951.74,3412.34,5,0.3428887812583528
2025-11-19,14454.06,5201.65,7,0.3598746649730249
2025-11-20,7975.83,3165.9700000000003,5,0.3969455216573072
2025-11-21,10955.28,4400.66,9,0.40169306489656126
2025-11-22,10283.92,4211.099999999999,9,0.409483932197061
2025-11-23,11018.31,4253.02,4,0.385995674472764
2025-11-24,8940.39,3546.28,4,0.39665831132646345
2025-11-25,14741.82,5301.56,6,0.359627237342472
2025-11-26,7452.01,3034.7300000000005,5,0.4072364368807879
2025-11-27,7549.45,3107.6,6,0.41163263549000256
2025-11-28,9080.66,3634.5099999999998,6,0.4002473388498193
2025-11-29,15707.34,5952.740000000001,7,0.3789782356528859
2025-11-30,10078.42,4067.4500000000003,7,0.4035801246623975
2025-12-01,14728.0,5706.82,8,0.3874809885931559
2025-12-02,16864.96,6499.969999999999,6,0.38541271369751245
2025-12-03,13851.960000000001,5500.080000000001,7,0.39706149887813713
2025-12-04,8411.61,3170.71,5,0.37694448506290706
2025-12-05,13607.85,5555.67,6,0.4082694915067406
2025-12-06,4241.35,1636.5900000000001,3,0.3858653494759923
2025-12-07,18085.48,6826.099999999999,8,0.37743537909969765
2025-12-08,11275.35,4475.27,7,0.39690741307365185
2025-12-09,10148.93,4094.63,6,0.40345435430138943
2025-12-10,2564.22,1171.1,2,0.4567080827698091
2025-12-11,29214.8,11718.1,14,0.40110149650177307
2025-12-12,7512.43,3191.43,7,0.4248199317664191
2025-12-13,22993.63,8967.47,11,0.3899980124930252
2025-12-14,10699.79,3964.5400000000004,9,0.3705250289958962
2025-12-15,16377.94,6087.36,6,0.37168044332803757
2025-12-16,10308.36,4061.1000000000004,7,0.3939617941166199
2025-12-17,11253.44,4030.7600000000007,7,0.3581802542155999
2025-12-18,16199.58,5989.13,9,0.36970896776336176
2025-12-19,4480.29,1920.6399999999996,4,0.42868653591620176
2025-12-20,16842.53,6599.73,6,0.39184908680584213
2025-12-21,25201.11,9987.960000000001,9,0.39633016164764173
2025-12-22,16832.81,6624.57,10,0.3935510470325513
2025-12-23,19886.02,7247.84,7,0.3644691094547828
2025-12-24,16675.510000000002,6531.05,10,0.3916551877573759
2025-12-25,6121.36,1855.3300000000004,5,0.30309114314466074
2025-12-26,10546.92,4156.42,5,0.39408851114827836
2025-12-27,9480.78,3766.87,6,0.39731646552287886
2025-12-28,22354.21,8571.48,10,0.38343918214958167
2025-12-29,13296.59,4906.71,7,0.3690201773537426
2025-12-30,14312.460000000001,5392.46,8,0.37676681716490384
2025-12-31,15904.72,5993.93,8,0.3768648552127922
2026-01-01,20558.84,7505.719999999999,8,0.3650848005043086
2026-01-02,5083.62,1869.13,4,0.3676769703479017
2026-01-03,3914.29,1542.52,4,0.3940740210868382
2026-01-04,17666.98,6771.56,10,0.38328905109984845
2026-01-05,13298.04,5052.43,7,0.3799379457423801
2026-01-06,14684.49,5819.68,9,0.39631475114219156
2026-01-07,21665.61,8506.1,8,0.39260837797781833
2026-01-08,6421.36,2644.69,4,0.41185823563855634
2026-01-09,6371.89,2343.76,3,0.3678280698505467
2026-01-10,6818.27,2393.91,6,0.35110225907744924
2026-01-11,12727.19,5011.86,8,0.3937915596451377
2026-01-12,13421.79,5171.2,5,0.3852839300868215
2026-01-13,15201.29,5581.51,11,0.3671734438327273
2026-01-14,5171.78,2058.57,3,0.39803897304216346
2026-01-15,3159.68,1137.66,3,0.3600554486530282
2026-01-16,14325.35,5458.22,8,0.38101826482424517
2026-01-17,3706.0699999999997,1234.09,3,0.3329915516976204
2026-01-18,4149.82,1499.5400000000002,3,0.36135061279766356
2026-01-19,8424.130000000001,3172.9400000000005,6,0.37664898333715174
2026-01-20,2840.77,1002.6500000000001,2,0.3529500804359382
2026-01-21,20650.9,8577.47,8,0.41535574720714347
2026-01-22,5608.4,2281.06,3,0.40672205976749165
2026-01-23,4620.55,1636.9,4,0.35426518488058784
2026-01-24,6891.42,2385.6600000000003,6,0.3461782912665315
2026-01-25,9637.27,3648.11,6,0.3785418484695355
2026-01-26,18598.670000000002,6804.610000000001,9,0.36586540865556516
2026-01-27,18598.48,7482.88,8,0.40233825559938236
2026-01-28,11276.27,4071.23,8,0.3610440331776376
2026-01-29,8378.64,3143.94,4,0.3752327346681562
2026-01-30,10622.88,4034.4700000000003,8,0.3797906029250072
2026-01-31,6582.55,2587.94,5,0.39315159018921236
2026-02-01,21276.15,8485.65,11,0.39883390557032167
2026-02-02,14135.74,5071.63,7,0.35878065103065
2026-02-03,6070.96,2510.98,6,0.413605097052196
2026-02-04,19997.83,7075.45,10,0.3538108884814002
2026-02-05,10425.69,3931.81,5,0.377127077440438
2026-02-06,9221.22,3557.0699999999997,5,0.3857483066232017
2026-02-07,8737.67,3242.6100000000006,3,0.3711069426975384
2026-02-08,8399.369999999999,3347.35,5,0.39852393691431626
2026-02-09,9571.1,3966.9,5,0.41446646675930665
2026-02-10,17133.55,6438.01,10,0.3757545867610624
2026-02-11,14003.36,5118.25,6,0.36550156533860445
2026-02-12,23470.26,9364.65,11,0.3990006927916436
2026-02-13,12991.43,4958.89,6,0.38170470841162213
2026-02-14,10121.84,3791.4700000000003,6,0.3745830797562499
2026-02-15,24478.03,9234.050000000001,12,0.3772382826559164
2026-02-16,13424.029999999999,5259.82,6,0.39182123401094904
